time_ini,time_end,duration_seg,duration_percent,RPCGR_SColTempo_0001_delta_tempo,ref_2017dez,Equipamento SW01B_MSOMCGR,Equipamento RD04_MSRPCGR,OMCGR_SysUpDeslig,Equipamento RD04_MSOMCGR,Equipamento RD02_MSOMCGR,Equipamento MSOMCGR_SWL3,OMCGR_nOK_0001,Equipamento RD03_MSOMCGR,Equipamento RD01_MSOMCGR,Equipamento RD01_MSRPCGR,ref_2017nov,ref_Periodo,Equipamento SW01A_MSOMCGR,OMCGR_SColTempo_0001_delta_tempo,RPCGR_SysUpDeslig
"2017-09-01 00:00:00","2017-09-02 12:19:24",130764.0,0.00625401774631, , , , , , , , , , , , ,1,1, , , 
"2017-09-02 12:19:24","2017-09-02 12:19:52",28.0,1.33914913047E-06,989, , , , , , , , , , , ,1,1, , , 
"2017-09-02 12:19:52","2017-09-02 12:35:53",961.0,4.59615112279E-05,989, , , , , , , , , , , ,1,1, ,987, 
"2017-09-02 12:35:53","2017-09-02 12:36:19",26.0,1.24349562115E-06, , , , , , , , , , , , ,1,1, ,987, 
"2017-09-02 12:36:19","2017-09-06 08:35:21",331142.0,0.0158374471915, , , , , , , , , , , , ,1,1, , , 
"2017-09-06 08:35:21","2017-09-06 08:51:24",963.0,4.60571647372E-05, , , , , , , , , , , , ,1,1, ,963, 
"2017-09-06 08:51:24","2017-09-24 04:59:30",1541286.0,0.0737147073823, , , , , , , , , , , , ,1,1, , , 
"2017-09-24 04:59:30","2017-09-24 05:02:47",197.0,9.42187066794E-06,197, , , , , , , , , , , ,1,1, , , 
"2017-09-24 05:02:47","2017-09-30 23:59:59",586632.0,0.0280567047395, , , , , , , , , , , , ,1,1, , , 
"2017-09-30 23:59:59","2017-10-01 00:00:00",1.0,4.78267546596E-08, , , , , , , , , , , , , ,1, , , 
"2017-10-01 00:00:00","2017-10-01 21:42:42",78162.0,0.0037382347977, , , , , , , , , , , , ,1,1, , , 
"2017-10-01 21:42:42","2017-10-01 21:47:11",269.0,1.28653970034E-05,269, , , , , , , , , , , ,1,1, , , 
"2017-10-01 21:47:11","2017-10-02 06:24:47",31056.0,0.00148530769271, , , , , , , , , , , , ,1,1, , , 
"2017-10-02 06:24:47","2017-10-02 06:28:04",197.0,9.42187066794E-06,197, , , , , , , , , , , ,1,1, , , 
"2017-10-02 06:28:04","2017-10-02 14:03:16",27312.0,0.00130624432326, , , , , , , , , , , , ,1,1, , , 
"2017-10-02 14:03:16","2017-10-02 14:06:14",178.0,8.51316232941E-06, , , , , , , , , , , , ,1,1, ,178, 
"2017-10-02 14:06:14","2017-10-03 00:01:49",35735.0,0.00170908907776, , , , , , , , , , , , ,1,1, , , 
"2017-10-03 00:01:49","2017-10-03 00:05:50",241.0,1.1526247873E-05,241, , , , , , , , , , , ,1,1, , , 
"2017-10-03 00:05:50","2017-10-03 01:15:17",4167.0,0.000199294086667, , , , , , , , , , , , ,1,1, , , 
"2017-10-03 01:15:17","2017-10-03 01:18:13",176.0,8.41750882009E-06, , , , , , , , , , , , ,1,1, ,176, 
"2017-10-03 01:18:13","2017-10-03 01:20:50",157.0,7.50880048156E-06, , , , , , , , , , , , ,1,1, , , 
"2017-10-03 01:20:50","2017-10-03 01:23:49",179.0,8.56098908407E-06,179, , , , , , , , , , , ,1,1, , , 
"2017-10-03 01:23:49","2017-10-03 01:24:25",36.0,1.72176316775E-06, , , , , , , , , , , , ,1,1, , , 
"2017-10-03 01:24:25","2017-10-03 01:27:14",169.0,8.08272153747E-06, , , , , , , , , , , , ,1,1, ,169, 
"2017-10-03 01:27:14","2017-10-03 03:53:50",8796.0,0.000420684133986, , , , , , , , , , , , ,1,1, , , 
"2017-10-03 03:53:50","2017-10-03 03:54:18",28.0,1.33914913047E-06,159, , , , , , , , , , , ,1,1, , , 
"2017-10-03 03:54:18","2017-10-03 03:56:29",131.0,6.26530486041E-06,159, , , , , , , , , , , ,1,1, ,150, 
"2017-10-03 03:56:29","2017-10-03 03:56:48",19.0,9.08708338533E-07, , , , , , , , , , , , ,1,1, ,150, 
"2017-10-03 03:56:48","2017-10-03 04:06:49",601.0,2.87438795504E-05, , , , , , , , , , , , ,1,1, , , 
"2017-10-03 04:06:49","2017-10-03 04:09:41",172.0,8.22620180145E-06,172, , , , , , , , , , , ,1,1, , , 
"2017-10-03 04:09:41","2017-10-04 00:25:19",72938.0,0.00348838783136, , , , , , , , , , , , ,1,1, , , 
"2017-10-04 00:25:19","2017-10-04 00:29:18",239.0,1.14305943636E-05, , , , , , , , , , , , ,1,1, ,239, 
"2017-10-04 00:29:18","2017-10-05 03:57:21",98883.0,0.00472925298101, , , , , , , , , , , , ,1,1, , , 
"2017-10-05 03:57:21","2017-10-05 04:00:21",180.0,8.60881583873E-06, , , , , , , , , , , , ,1,1, ,180, 
"2017-10-05 04:00:21","2017-10-11 01:03:33",507792.0,0.0242860434021, , , , , , , , , , , , ,1,1, , , 
"2017-10-11 01:03:33","2017-10-11 01:06:20",167.0,7.98706802815E-06, , , , , , , , , , , , ,1,1, ,167, 
"2017-10-11 01:06:20","2017-10-11 07:33:06",23206.0,0.00110986766863, , , , , , , , , , , , ,1,1, , , 
"2017-10-11 07:33:06","2017-10-11 07:36:06",180.0,8.60881583873E-06,180, , , , , , , , , , , ,1,1, , , 
"2017-10-11 07:36:06","2017-10-22 05:22:56",942410.0,0.0450724118588, , , , , , , , , , , , ,1,1, , , 
"2017-10-22 05:22:56","2017-10-22 05:25:36",160.0,7.65228074554E-06, , , , , , , , , , , , ,1,1, ,160, 
"2017-10-22 05:25:36","2017-10-26 12:29:09",371013.0,0.0177443477265, , , , , , , , , , , , ,1,1, , , 
"2017-10-26 12:29:09","2017-10-26 12:29:38",29.0,1.38697588513E-06, , , , , , , , , , , , ,1,1, ,290, 
"2017-10-26 12:29:38","2017-10-26 12:33:27",229.0,1.0952326817E-05,229, , , , , , , , , , , ,1,1, ,290, 
"2017-10-26 12:33:27","2017-10-26 12:33:59",32.0,1.53045614911E-06, , , , , , , , , , , , ,1,1, ,290, 
"2017-10-26 12:33:59","2017-10-26 15:14:38",9639.0,0.000461002088164, , , , , , , , , , , , ,1,1, , , 
"2017-10-26 15:14:38","2017-10-26 15:15:05",27.0,1.29132237581E-06,299, , , , , , , , , , , ,1,1, , , 
"2017-10-26 15:15:05","2017-10-26 15:19:37",272.0,1.30088772674E-05,299, , , , , , , , , , , ,1,1, ,586, 
"2017-10-26 15:19:37","2017-10-26 15:19:38",1.0,4.78267546596E-08, , , , , , , , , , , , ,1,1, ,586, 
"2017-10-26 15:19:38","2017-10-26 15:24:14",276.0,1.32001842861E-05,276, , , , , , , , , , , ,1,1, ,586, 
"2017-10-26 15:24:14","2017-10-26 15:24:51",37.0,1.76958992241E-06, , , , , , , , , , , , ,1,1, ,586, 
"2017-10-26 15:24:51","2017-10-28 16:16:26",175895.0,0.00841248701085, , , , , , , , , , , , ,1,1, , , 
"2017-10-28 16:16:26","2017-10-28 16:18:45",139.0,6.64791889769E-06, , , ,1, , , , , , , , ,1,1, , ,1
"2017-10-28 16:18:45","2017-10-31 23:59:59",286874.0,0.0137202524162, , , , , , , , , , , , ,1,1, , , 
"2017-10-31 23:59:59","2017-11-01 00:00:00",1.0,4.78267546596E-08, , , , , , , , , , , , , ,1, , , 
"2017-11-01 00:00:00","2017-11-14 01:14:17",1127657.0,0.0539321746792, , , , , , , , , , , , ,1,1, , , 
"2017-11-14 01:14:17","2017-11-14 01:14:44",27.0,1.29132237581E-06,271, , , , , , , , , , , ,1,1, , , 
"2017-11-14 01:14:44","2017-11-14 01:18:48",244.0,1.16697281369E-05,271, , , , , , , , , , , ,1,1, ,268, 
"2017-11-14 01:18:48","2017-11-14 01:19:12",24.0,1.14784211183E-06, , , , , , , , , , , , ,1,1, ,268, 
"2017-11-14 01:19:12","2017-11-14 03:12:44",6812.0,0.000325795852741, , , , , , , , , , , , ,1,1, , , 
"2017-11-14 03:12:44","2017-11-14 03:12:57",13.0,6.21747810575E-07, , , , , , , , , , , , ,1,1, ,151, 
"2017-11-14 03:12:57","2017-11-14 03:15:15",138.0,6.60009214303E-06,162, , , , , , , , , , , ,1,1, ,151, 
"2017-11-14 03:15:15","2017-11-14 03:15:39",24.0,1.14784211183E-06,162, , , , , , , , , , , ,1,1, , , 
"2017-11-14 03:15:39","2017-11-14 08:28:17",18758.0,0.000897134263905, , , , , , , , , , , , ,1,1, , , 
"2017-11-14 08:28:17","2017-11-14 08:28:45",28.0,1.33914913047E-06,240, , , , , , , , , , , ,1,1, , , 
"2017-11-14 08:28:45","2017-11-14 08:31:45",180.0,8.60881583873E-06,240, , , , , , , , , , , ,1,1, ,180, 
"2017-11-14 08:31:45","2017-11-14 08:32:17",32.0,1.53045614911E-06,240, , , , , , , , , , , ,1,1, , , 
"2017-11-14 08:32:17","2017-11-15 23:42:21",141004.0,0.00674376371402, , , , , , , , , , , , ,1,1, , , 
"2017-11-15 23:42:21","2017-11-15 23:42:49",28.0,1.33914913047E-06,253, , , , , , , , , , , ,1,1, , , 
"2017-11-15 23:42:49","2017-11-15 23:46:14",205.0,9.80448470522E-06,253, , , , , , , , , , , ,1,1, ,205, 
"2017-11-15 23:46:14","2017-11-15 23:46:34",20.0,9.56535093192E-07,253, , , , , , , , , , , ,1,1, , , 
"2017-11-15 23:46:34","2017-11-16 00:24:49",2295.0,0.000109762401944, , , , , , , , , , , , ,1,1, , , 
"2017-11-16 00:24:49","2017-11-16 00:25:28",39.0,1.86524343172E-06, , , , , , , , , , , , ,1,1, ,234, 
"2017-11-16 00:25:28","2017-11-16 00:28:43",195.0,9.32621715862E-06,232, , , , , , , , , , , ,1,1, ,234, 
"2017-11-16 00:28:43","2017-11-16 00:29:20",37.0,1.76958992241E-06,232, , , , , , , , , , , ,1,1, , , 
"2017-11-16 00:29:20","2017-11-16 02:15:20",6360.0,0.000304178159635, , , , , , , , , , , , ,1,1, , , 
"2017-11-16 02:15:20","2017-11-16 02:15:51",31.0,1.48262939445E-06,249, , , , , , , , , , , ,1,1, , , 
"2017-11-16 02:15:51","2017-11-16 02:19:29",218.0,1.04262325158E-05,249, , , , , , , , , , , ,1,1, ,658, 
"2017-11-16 02:19:29","2017-11-16 02:26:49",440.0,2.10437720502E-05, , , , , , , , , , , , ,1,1, ,658, 
"2017-11-16 02:26:49","2017-11-16 03:01:49",2100.0,0.000100436184785, , , , , , , , , , , , ,1,1, , , 
"2017-11-16 03:01:49","2017-11-16 03:04:56",187.0,8.94360312135E-06, , , , , , , , , , , , ,1,1, ,187, 
"2017-11-16 03:04:56","2017-11-16 04:46:49",6113.0,0.000292364951234, , , , , , , , , , , , ,1,1, , , 
"2017-11-16 04:46:49","2017-11-16 04:50:55",246.0,1.17653816463E-05, , , , , , , , , , , , ,1,1, ,246, 
"2017-11-16 04:50:55","2017-11-16 18:19:50",48535.0,0.0023212715374, , , , , , , , , , , , ,1,1, , , 
"2017-11-16 18:19:50","2017-11-16 18:20:22",32.0,1.53045614911E-06, , , , , , , , , , , , ,1,1, ,716, 
"2017-11-16 18:20:22","2017-11-16 18:31:46",684.0,3.27135001872E-05,716, , , , , , , , , , , ,1,1, ,716, 
"2017-11-16 18:31:46","2017-11-16 18:32:18",32.0,1.53045614911E-06,716, , , , , , , , , , , ,1,1, , , 
"2017-11-16 18:32:18","2017-11-20 17:48:25",342967.0,0.0164029985653, , , , , , , , , , , , ,1,1, , , 
"2017-11-20 17:48:25","2017-11-20 17:48:53",28.0,1.33914913047E-06,180, , , , , , , , , , , ,1,1, , , 
"2017-11-20 17:48:53","2017-11-20 17:51:25",152.0,7.26966670826E-06,180, , , , , , , , , , , ,1,1, ,180, 
"2017-11-20 17:51:25","2017-11-20 17:51:53",28.0,1.33914913047E-06, , , , , , , , , , , , ,1,1, ,180, 
"2017-11-20 17:51:53","2017-11-21 00:00:53",22140.0,0.00105888434816, , , , , , , , , , , , ,1,1, , , 
"2017-11-21 00:00:53","2017-11-21 00:01:26",33.0,1.57828290377E-06, , , , , , , , , , , , ,1,1, ,198, 
"2017-11-21 00:01:26","2017-11-21 00:04:11",165.0,7.89141451883E-06,239, , , , , , , , , , , ,1,1, ,198, 
"2017-11-21 00:04:11","2017-11-21 00:05:25",74.0,3.53917984481E-06,239, , , , , , , , , , , ,1,1, , , 
"2017-11-21 00:05:25","2017-11-21 00:07:25",120.0,5.73921055915E-06, , , , , , , , , , , , ,1,1, , , 
"2017-11-21 00:07:25","2017-11-21 00:10:39",194.0,9.27839040396E-06,194, , , , , , , , , , , ,1,1, , , 
"2017-11-21 00:10:39","2017-11-21 00:18:53",494.0,2.36264168018E-05, , , , , , , , , , , , ,1,1, , , 
"2017-11-21 00:18:53","2017-11-21 00:22:02",189.0,9.03925663067E-06, , , , , , , , , , , , ,1,1, ,189, 
"2017-11-21 00:22:02","2017-11-21 00:38:25",983.0,4.70136998304E-05, , , , , , , , , , , , ,1,1, , , 
"2017-11-21 00:38:25","2017-11-21 00:40:07",102.0,4.87832897528E-06,215, , , , , , , , , , , ,1,1, , , 
"2017-11-21 00:40:07","2017-11-21 00:42:00",113.0,5.40442327654E-06,215, , , , , , , , , , , ,1,1, ,205, 
"2017-11-21 00:42:00","2017-11-21 00:43:32",92.0,4.40006142868E-06, , , , , , , , , , , , ,1,1, ,205, 
"2017-11-21 00:43:32","2017-11-21 19:04:26",66054.0,0.00315914845229, , , , , , , , , , , , ,1,1, , , 
"2017-11-21 19:04:26","2017-11-21 19:04:53",27.0,1.29132237581E-06,903, , , , , , , , , , , ,1,1, , , 
"2017-11-21 19:04:53","2017-11-21 19:19:29",876.0,4.18962370818E-05,903, , , , , , , , , , , ,1,1, ,904, 
"2017-11-21 19:19:29","2017-11-21 19:19:57",28.0,1.33914913047E-06, , , , , , , , , , , , ,1,1, ,904, 
"2017-11-21 19:19:57","2017-11-22 22:59:26",99569.0,0.0047620621347, , , , , , , , , , , , ,1,1, , , 
"2017-11-22 22:59:26","2017-11-22 22:59:53",27.0,1.29132237581E-06,905, , , , , , , , , , , ,1,1, , , 
"2017-11-22 22:59:53","2017-11-22 23:14:31",878.0,4.19918905911E-05,905, , , , , , , , , , , ,1,1, ,906, 
"2017-11-22 23:14:31","2017-11-22 23:14:59",28.0,1.33914913047E-06, , , , , , , , , , , , ,1,1, ,906, 
"2017-11-22 23:14:59","2017-11-23 22:59:25",85466.0,0.00408756141374, , , , , , , , , , , , ,1,1, , , 
"2017-11-23 22:59:25","2017-11-23 22:59:53",28.0,1.33914913047E-06,909, , , , , , , , , , , ,1,1, , , 
"2017-11-23 22:59:53","2017-11-23 23:14:34",881.0,4.21353708551E-05,909, , , , , , , , , , , ,1,1, ,908, 
"2017-11-23 23:14:34","2017-11-23 23:15:01",27.0,1.29132237581E-06, , , , , , , , , , , , ,1,1, ,908, 
"2017-11-23 23:15:01","2017-11-24 22:59:26",85465.0,0.00408751358698, , , , , , , , , , , , ,1,1, , , 
"2017-11-24 22:59:26","2017-11-24 22:59:55",29.0,1.38697588513E-06,910, , , , , , , , , , , ,1,1, , , 
"2017-11-24 22:59:55","2017-11-24 23:14:36",881.0,4.21353708551E-05,910, , , , , , , , , , , ,1,1, ,909, 
"2017-11-24 23:14:36","2017-11-24 23:15:04",28.0,1.33914913047E-06, , , , , , , , , , , , ,1,1, ,909, 
"2017-11-24 23:15:04","2017-11-27 21:12:58",251874.0,0.0120463160031, , , , , , , , , , , , ,1,1, , , 
"2017-11-27 21:12:58","2017-11-27 21:13:30",32.0,1.53045614911E-06, , , , , , , , , , , , ,1,1, ,269, 
"2017-11-27 21:13:30","2017-11-27 21:17:27",237.0,1.13349408543E-05,300, , , , , , , , , , , ,1,1, ,269, 
"2017-11-27 21:17:27","2017-11-27 21:18:30",63.0,3.01308554356E-06,300, , , , , , , , , , , ,1,1, , , 
"2017-11-27 21:18:30","2017-11-27 22:59:30",6060.0,0.000289830133237, , , , , , , , , , , , ,1,1, , , 
"2017-11-27 22:59:30","2017-11-27 22:59:58",28.0,1.33914913047E-06,916, , , , , , , , , , , ,1,1, , , 
"2017-11-27 22:59:58","2017-11-27 23:14:46",888.0,4.24701581377E-05,916, , , , , , , , , , , ,1,1, ,912, 
"2017-11-27 23:14:46","2017-11-27 23:15:10",24.0,1.14784211183E-06, , , , , , , , , , , , ,1,1, ,912, 
"2017-11-27 23:15:10","2017-11-29 21:59:53",168283.0,0.00804842975438, , , , , , , , , , , , ,1,1, , , 
"2017-11-29 21:59:53","2017-11-29 22:00:26",33.0,1.57828290377E-06, , , , , , , , , , , , ,1,1, ,921, 
"2017-11-29 22:00:26","2017-11-29 22:15:14",888.0,4.24701581377E-05,921, , , , , , , , , , , ,1,1, ,921, 
"2017-11-29 22:15:14","2017-11-29 22:15:47",33.0,1.57828290377E-06,921, , , , , , , , , , , ,1,1, , , 
"2017-11-29 22:15:47","2017-11-30 10:19:33",43426.0,0.00207692464785, , , , , , , , , , , , ,1,1, , , 
"2017-11-30 10:19:33","2017-11-30 10:22:06",153.0,7.31749346292E-06,153, , , , , , , , , , , ,1,1, , , 
"2017-11-30 10:22:06","2017-11-30 10:23:25",79.0,3.77831361811E-06, , , , , , , , , , , , ,1,1, , , 
"2017-11-30 10:23:25","2017-11-30 10:26:20",175.0,8.36968206543E-06,175, , , , , , , , , , , ,1,1, , , 
"2017-11-30 10:26:20","2017-11-30 10:55:25",1745.0,8.3457686881E-05, , , , , , , , , , , , ,1,1, , , 
"2017-11-30 10:55:25","2017-11-30 10:55:53",28.0,1.33914913047E-06,1650, , , , , , , , , , , ,1,1, , , 
"2017-11-30 10:55:53","2017-11-30 11:22:55",1622.0,7.75749960579E-05,1650, , , , , , , , , , , ,1,1, ,1622, 
"2017-11-30 11:22:55","2017-11-30 15:10:18",13643.0,0.000652500413821, , , , , , , , , , , , ,1,1, , , 
"2017-11-30 15:10:18","2017-11-30 15:12:46",148.0,7.07835968962E-06,355, , , , , , , , , , , ,1,1, , , 
"2017-11-30 15:12:46","2017-11-30 15:13:46",60.0,2.86960527958E-06,355, , , , , , , ,1, , , ,1,1, , , 
"2017-11-30 15:13:46","2017-11-30 15:14:46",60.0,2.86960527958E-06,355, , , , , , , , , , , ,1,1, , , 
"2017-11-30 15:14:46","2017-11-30 15:15:46",60.0,2.86960527958E-06,355, , , , , , , ,1, , , ,1,1, , , 
"2017-11-30 15:15:46","2017-11-30 15:16:13",27.0,1.29132237581E-06,355, , , , , , , , , , , ,1,1, , , 
"2017-11-30 15:16:13","2017-11-30 21:59:18",24185.0,0.00115669006144, , , , , , , , , , , , ,1,1, , , 
"2017-11-30 21:59:18","2017-11-30 21:59:47",29.0,1.38697588513E-06,918, , , , , , , , , , , ,1,1, , , 
"2017-11-30 21:59:47","2017-11-30 22:14:36",889.0,4.25179848924E-05,918, , , , , , , , , , , ,1,1, ,891, 
"2017-11-30 22:14:36","2017-11-30 22:14:38",2.0,9.56535093192E-08, , , , , , , , , , , , ,1,1, ,891, 
"2017-11-30 22:14:38","2017-11-30 23:59:59",6321.0,0.000302312916203, , , , , , , , , , , , ,1,1, , , 
"2017-11-30 23:59:59","2017-12-01 00:00:00",1.0,4.78267546596E-08, , , , , , , , , , , , , ,1, , , 
"2017-12-01 00:00:00","2017-12-01 21:59:18",79158.0,0.00378587024535, ,1, , , , , , , , , , , ,1, , , 
"2017-12-01 21:59:18","2017-12-01 21:59:47",29.0,1.38697588513E-06,916,1, , , , , , , , , , , ,1, , , 
"2017-12-01 21:59:47","2017-12-01 22:14:34",887.0,4.24223313831E-05,916,1, , , , , , , , , , , ,1, ,889, 
"2017-12-01 22:14:34","2017-12-01 22:14:36",2.0,9.56535093192E-08, ,1, , , , , , , , , , , ,1, ,889, 
"2017-12-01 22:14:36","2017-12-02 21:59:18",85482.0,0.00408832664181, ,1, , , , , , , , , , , ,1, , , 
"2017-12-02 21:59:18","2017-12-02 21:59:46",28.0,1.33914913047E-06,919,1, , , , , , , , , , , ,1, , , 
"2017-12-02 21:59:46","2017-12-02 22:14:37",891.0,4.26136384017E-05,919,1, , , , , , , , , , , ,1, ,894, 
"2017-12-02 22:14:37","2017-12-02 22:14:40",3.0,1.43480263979E-07, ,1, , , , , , , , , , , ,1, ,894, 
"2017-12-02 22:14:40","2017-12-03 21:59:18",85478.0,0.00408813533479, ,1, , , , , , , , , , , ,1, , , 
"2017-12-03 21:59:18","2017-12-03 21:59:47",29.0,1.38697588513E-06,919,1, , , , , , , , , , , ,1, , , 
"2017-12-03 21:59:47","2017-12-03 22:14:37",890.0,4.2565811647E-05,919,1, , , , , , , , , , , ,1, ,893, 
"2017-12-03 22:14:37","2017-12-03 22:14:40",3.0,1.43480263979E-07, ,1, , , , , , , , , , , ,1, ,893, 
"2017-12-03 22:14:40","2017-12-04 21:59:18",85478.0,0.00408813533479, ,1, , , , , , , , , , , ,1, , , 
"2017-12-04 21:59:18","2017-12-04 21:59:46",28.0,1.33914913047E-06,932,1, , , , , , , , , , , ,1, , , 
"2017-12-04 21:59:46","2017-12-04 22:14:50",904.0,4.32353862123E-05,932,1, , , , , , , , , , , ,1, ,906, 
"2017-12-04 22:14:50","2017-12-04 22:14:52",2.0,9.56535093192E-08, ,1, , , , , , , , , , , ,1, ,906, 
"2017-12-04 22:14:52","2017-12-05 08:14:18",35966.0,0.00172013705809, ,1, , , , , , , , , , , ,1, , , 
"2017-12-05 08:14:18","2017-12-05 08:14:46",28.0,1.33914913047E-06,727,1, , , , , , , , , , , ,1, , , 
"2017-12-05 08:14:46","2017-12-05 08:26:06",680.0,3.25221931685E-05,727,1, , , , , , , , , , , ,1, ,680, 
"2017-12-05 08:26:06","2017-12-05 08:26:25",19.0,9.08708338533E-07,727,1, , , , , , , , , , , ,1, , , 
"2017-12-05 08:26:25","2017-12-05 17:47:46",33681.0,0.00161085292369, ,1, , , , , , , , , , , ,1, , , 
"2017-12-05 17:47:46","2017-12-05 17:48:18",32.0,1.53045614911E-06, ,1, , , , , , , , , , , ,1, ,884, 
"2017-12-05 17:48:18","2017-12-05 18:02:30",852.0,4.074839497E-05,888,1, , , , , , , , , , , ,1, ,884, 
"2017-12-05 18:02:30","2017-12-05 18:03:06",36.0,1.72176316775E-06,888,1, , , , , , , , , , , ,1, , , 
"2017-12-05 18:03:06","2017-12-05 21:59:18",14172.0,0.000677800767036, ,1, , , , , , , , , , , ,1, , , 
"2017-12-05 21:59:18","2017-12-05 21:59:47",29.0,1.38697588513E-06,932,1, , , , , , , , , , , ,1, , , 
"2017-12-05 21:59:47","2017-12-05 22:14:50",903.0,4.31875594576E-05,932,1, , , , , , , , , , , ,1, ,905, 
"2017-12-05 22:14:50","2017-12-05 22:14:52",2.0,9.56535093192E-08, ,1, , , , , , , , , , , ,1, ,905, 
"2017-12-05 22:14:52","2017-12-06 21:59:18",85466.0,0.00408756141374, ,1, , , , , , , , , , , ,1, , , 
"2017-12-06 21:59:18","2017-12-06 21:59:46",28.0,1.33914913047E-06,934,1, , , , , , , , , , , ,1, , , 
"2017-12-06 21:59:46","2017-12-06 22:14:52",906.0,4.33310397216E-05,934,1, , , , , , , , , , , ,1, ,908, 
"2017-12-06 22:14:52","2017-12-06 22:14:54",2.0,9.56535093192E-08, ,1, , , , , , , , , , , ,1, ,908, 
"2017-12-06 22:14:54","2017-12-07 22:25:18",87024.0,0.0041620754975, ,1, , , , , , , , , , , ,1, , , 
"2017-12-07 22:25:18","2017-12-07 22:25:46",28.0,1.33914913047E-06,1334,1, , , , , , , , , , , ,1, , , 
"2017-12-07 22:25:46","2017-12-07 22:47:32",1306.0,6.24617415854E-05,1334,1, , , , , , , , , , , ,1, ,1320, 
"2017-12-07 22:47:32","2017-12-07 22:47:46",14.0,6.69574565234E-07, ,1, , , , , , , , , , , ,1, ,1320, 
"2017-12-07 22:47:46","2017-12-07 22:59:47",721.0,3.44830901096E-05, ,1, , , , , , , , , , , ,1, , , 
"2017-12-07 22:59:47","2017-12-07 23:00:18",31.0,1.48262939445E-06, ,1, , , , , , , , , , , ,1, ,912, 
"2017-12-07 23:00:18","2017-12-07 23:14:59",881.0,4.21353708551E-05,883,1, , , , , , , , , , , ,1, ,912, 
"2017-12-07 23:14:59","2017-12-07 23:15:01",2.0,9.56535093192E-08,883,1, , , , , , , , , , , ,1, , , 
"2017-12-07 23:15:01","2017-12-08 19:09:22",71661.0,0.00342731306566, ,1, , , , , , , , , , , ,1, , , 
"2017-12-08 19:09:22","2017-12-08 19:09:26",4.0,1.91307018638E-07, ,1,1, ,1, , , , , , , , ,1, , , 
"2017-12-08 19:09:26","2017-12-08 19:09:31",5.0,2.39133773298E-07, ,1,1, ,1, , , , , , , , ,1,1, , 
"2017-12-08 19:09:31","2017-12-08 19:09:35",4.0,1.91307018638E-07, ,1,1, ,1,1, , , , , , , ,1,1, , 
"2017-12-08 19:09:35","2017-12-08 19:09:38",3.0,1.43480263979E-07, ,1,1, ,1,1, , , ,1, , , ,1,1, , 
"2017-12-08 19:09:38","2017-12-08 19:09:43",5.0,2.39133773298E-07, ,1,1, ,1,1,1, , ,1, , , ,1,1, , 
"2017-12-08 19:09:43","2017-12-08 19:09:46",3.0,1.43480263979E-07, ,1,1, ,1,1,1, , ,1,1, , ,1,1, , 
"2017-12-08 19:09:46","2017-12-08 19:11:18",92.0,4.40006142868E-06, ,1,1, ,1,1,1,1, ,1,1, , ,1,1, , 
"2017-12-08 19:11:18","2017-12-08 19:11:46",28.0,1.33914913047E-06,2320,1,1, ,1,1,1,1, ,1,1, , ,1,1, , 
"2017-12-08 19:11:46","2017-12-08 19:45:41",2035.0,9.73274457323E-05,2320,1,1, ,1,1,1,1, ,1,1, , ,1,1,2283, 
"2017-12-08 19:45:41","2017-12-08 19:45:44",3.0,1.43480263979E-07,2320,1, , ,1,1,1,1, ,1,1, , ,1, ,2283, 
"2017-12-08 19:45:44","2017-12-08 19:45:45",1.0,4.78267546596E-08,2320,1, , ,1, ,1,1, ,1,1, , ,1, ,2283, 
"2017-12-08 19:45:45","2017-12-08 19:46:20",35.0,1.67393641309E-06,2320,1, , ,1, , ,1, , , , , ,1, ,2283, 
"2017-12-08 19:46:20","2017-12-08 19:49:49",209.0,9.99579172386E-06,2320,1, , , , , , , , , , , ,1, ,2283, 
"2017-12-08 19:49:49","2017-12-08 19:49:58",9.0,4.30440791936E-07,2320,1, , , , , , , , , , , ,1, , , 
"2017-12-08 19:49:58","2017-12-08 22:59:18",11360.0,0.000543311932933, ,1, , , , , , , , , , , ,1, , , 
"2017-12-08 22:59:18","2017-12-08 22:59:47",29.0,1.38697588513E-06,940,1, , , , , , , , , , , ,1, , , 
"2017-12-08 22:59:47","2017-12-08 23:14:58",911.0,4.35701734949E-05,940,1, , , , , , , , , , , ,1, ,913, 
"2017-12-08 23:14:58","2017-12-08 23:15:00",2.0,9.56535093192E-08, ,1, , , , , , , , , , , ,1, ,913, 
"2017-12-08 23:15:00","2017-12-09 22:59:18",85458.0,0.0040871787997, ,1, , , , , , , , , , , ,1, , , 
"2017-12-09 22:59:18","2017-12-09 22:59:47",29.0,1.38697588513E-06,939,1, , , , , , , , , , , ,1, , , 
"2017-12-09 22:59:47","2017-12-09 23:14:57",910.0,4.35223467402E-05,939,1, , , , , , , , , , , ,1, ,914, 
"2017-12-09 23:14:57","2017-12-09 23:15:01",4.0,1.91307018638E-07, ,1, , , , , , , , , , , ,1, ,914, 
"2017-12-09 23:15:01","2017-12-10 22:59:47",85486.0,0.00408851794883, ,1, , , , , , , , , , , ,1, , , 
"2017-12-10 22:59:47","2017-12-10 23:00:18",31.0,1.48262939445E-06, ,1, , , , , , , , , , , ,1, ,919, 
"2017-12-10 23:00:18","2017-12-10 23:15:06",888.0,4.24701581377E-05,895,1, , , , , , , , , , , ,1, ,919, 
"2017-12-10 23:15:06","2017-12-10 23:15:13",7.0,3.34787282617E-07,895,1, , , , , , , , , , , ,1, , , 
"2017-12-10 23:15:13","2017-12-11 22:59:19",85446.0,0.00408660487864, ,1, , , , , , , , , , , ,1, , , 
"2017-12-11 22:59:19","2017-12-11 22:59:46",27.0,1.29132237581E-06,937,1, , , , , , , , , , , ,1, , , 
"2017-12-11 22:59:46","2017-12-11 23:14:56",910.0,4.35223467402E-05,937,1, , , , , , , , , , , ,1, ,914, 
"2017-12-11 23:14:56","2017-12-11 23:15:00",4.0,1.91307018638E-07, ,1, , , , , , , , , , , ,1, ,914, 
"2017-12-11 23:15:00","2017-12-12 22:59:18",85458.0,0.0040871787997, ,1, , , , , , , , , , , ,1, , , 
"2017-12-12 22:59:18","2017-12-12 22:59:47",29.0,1.38697588513E-06,945,1, , , , , , , , , , , ,1, , , 
"2017-12-12 22:59:47","2017-12-12 23:15:03",916.0,4.38093072682E-05,945,1, , , , , , , , , , , ,1, ,918, 
"2017-12-12 23:15:03","2017-12-12 23:15:05",2.0,9.56535093192E-08, ,1, , , , , , , , , , , ,1, ,918, 
"2017-12-12 23:15:05","2017-12-13 22:59:46",85481.0,0.00408827881506, ,1, , , , , , , , , , , ,1, , , 
"2017-12-13 22:59:46","2017-12-13 23:00:18",32.0,1.53045614911E-06, ,1, , , , , , , , , , , ,1, ,928, 
"2017-12-13 23:00:18","2017-12-13 23:15:14",896.0,4.2852772175E-05,899,1, , , , , , , , , , , ,1, ,928, 
"2017-12-13 23:15:14","2017-12-13 23:15:17",3.0,1.43480263979E-07,899,1, , , , , , , , , , , ,1, , , 
"2017-12-13 23:15:17","2017-12-14 22:59:46",85469.0,0.004087704894, ,1, , , , , , , , , , , ,1, , , 
"2017-12-14 22:59:46","2017-12-14 23:00:18",32.0,1.53045614911E-06, ,1, , , , , , , , , , , ,1, ,930, 
"2017-12-14 23:00:18","2017-12-14 23:15:16",898.0,4.29484256843E-05,900,1, , , , , , , , , , , ,1, ,930, 
"2017-12-14 23:15:16","2017-12-14 23:15:18",2.0,9.56535093192E-08,900,1, , , , , , , , , , , ,1, , , 
"2017-12-14 23:15:18","2017-12-15 16:59:30",63852.0,0.00305383393853, ,1, , , , , , , , , , , ,1, , , 
"2017-12-15 16:59:30","2017-12-15 16:59:34",4.0,1.91307018638E-07, ,1, , ,1,1, , , , , , , ,1, , , 
"2017-12-15 16:59:34","2017-12-15 17:02:53",199.0,9.51752417726E-06, ,1, , ,1,1, , , ,1, , , ,1, , , 
"2017-12-15 17:02:53","2017-12-15 17:03:17",24.0,1.14784211183E-06, ,1, , ,1, , , , ,1, , , ,1, , , 
"2017-12-15 17:03:17","2017-12-15 17:14:30",673.0,3.21874058859E-05, ,1, , , , , , , , , , , ,1, , , 
"2017-12-15 17:14:30","2017-12-15 17:14:35",5.0,2.39133773298E-07, ,1, , ,1,1, , , , , , , ,1, , , 
"2017-12-15 17:14:35","2017-12-15 17:20:20",345.0,1.65002303576E-05, ,1, , ,1,1, , , ,1, , , ,1, , , 
"2017-12-15 17:20:20","2017-12-15 17:23:05",165.0,7.89141451883E-06, ,1, , ,1, , , , ,1, , , ,1, , , 
"2017-12-15 17:23:05","2017-12-15 18:19:31",3386.0,0.000161941391277, ,1, , , , , , , , , , , ,1, , , 
"2017-12-15 18:19:31","2017-12-15 18:22:53",202.0,9.66100444124E-06, ,1, , ,1,1, , , , , , , ,1, , , 
"2017-12-15 18:22:53","2017-12-15 18:29:30",397.0,1.89872215999E-05, ,1, , , , , , , , , , , ,1, , , 
"2017-12-15 18:29:30","2017-12-15 18:33:37",247.0,1.18132084009E-05, ,1, , ,1,1, , , , , , , ,1, , , 
"2017-12-15 18:33:37","2017-12-15 18:39:31",354.0,1.69306711495E-05, ,1, , , , , , , , , , , ,1, , , 
"2017-12-15 18:39:31","2017-12-15 18:43:48",257.0,1.22914759475E-05, ,1, , ,1,1, , , , , , , ,1, , , 
"2017-12-15 18:43:48","2017-12-15 18:54:30",642.0,3.07047764915E-05, ,1, , , , , , , , , , , ,1, , , 
"2017-12-15 18:54:30","2017-12-15 18:55:12",42.0,2.0087236957E-06, ,1, , ,1,1, , , , , , , ,1, , , 
"2017-12-15 18:55:12","2017-12-15 19:04:30",558.0,2.66873291001E-05, ,1, , , , , , , , , , , ,1, , , 
"2017-12-15 19:04:30","2017-12-15 19:10:52",382.0,1.826982028E-05, ,1, , ,1,1, , , , , , , ,1, , , 
"2017-12-15 19:10:52","2017-12-15 19:19:34",522.0,2.49655659323E-05, ,1, , , , , , , , , , , ,1, , , 
"2017-12-15 19:19:34","2017-12-15 19:28:46",552.0,2.64003685721E-05, ,1, , ,1, , , , ,1, , , ,1, , , 
"2017-12-15 19:28:46","2017-12-15 19:29:31",45.0,2.15220395968E-06, ,1, , , , , , , , , , , ,1, , , 
"2017-12-15 19:29:31","2017-12-15 19:32:15",164.0,7.84358776418E-06, ,1, , ,1,1, , , , , , , ,1, , , 
"2017-12-15 19:32:15","2017-12-15 19:39:34",439.0,2.09959452956E-05, ,1, , , , , , , , , , , ,1, , , 
"2017-12-15 19:39:34","2017-12-15 20:00:11",1237.0,5.91616955139E-05, ,1, , ,1, , , , ,1, , , ,1, , , 
"2017-12-15 20:00:11","2017-12-15 22:59:18",10747.0,0.000513994132327, ,1, , , , , , , , , , , ,1, , , 
"2017-12-15 22:59:18","2017-12-15 22:59:46",28.0,1.33914913047E-06,946,1, , , , , , , , , , , ,1, , , 
"2017-12-15 22:59:46","2017-12-15 23:15:04",918.0,4.39049607775E-05,946,1, , , , , , , , , , , ,1, ,921, 
"2017-12-15 23:15:04","2017-12-15 23:15:07",3.0,1.43480263979E-07, ,1, , , , , , , , , , , ,1, ,921, 
"2017-12-15 23:15:07","2017-12-16 22:59:18",85451.0,0.00408684401242, ,1, , , , , , , , , , , ,1, , , 
"2017-12-16 22:59:18","2017-12-16 22:59:46",28.0,1.33914913047E-06,951,1, , , , , , , , , , , ,1, , , 
"2017-12-16 22:59:46","2017-12-16 23:15:09",923.0,4.41440945508E-05,951,1, , , , , , , , , , , ,1, ,925, 
"2017-12-16 23:15:09","2017-12-16 23:15:11",2.0,9.56535093192E-08, ,1, , , , , , , , , , , ,1, ,925, 
"2017-12-16 23:15:11","2017-12-17 22:59:18",85447.0,0.0040866527054, ,1, , , , , , , , , , , ,1, , , 
"2017-12-17 22:59:18","2017-12-17 22:59:46",28.0,1.33914913047E-06,953,1, , , , , , , , , , , ,1, , , 
"2017-12-17 22:59:46","2017-12-17 23:15:11",925.0,4.42397480601E-05,953,1, , , , , , , , , , , ,1, ,927, 
"2017-12-17 23:15:11","2017-12-17 23:15:13",2.0,9.56535093192E-08, ,1, , , , , , , , , , , ,1, ,927, 
"2017-12-17 23:15:13","2017-12-18 17:24:35",65362.0,0.00312605233806, ,1, , , , , , , , , , , ,1, , , 
"2017-12-18 17:24:35","2017-12-18 17:25:20",45.0,2.15220395968E-06, ,1, , ,1, , , , ,1, , , ,1, , , 
"2017-12-18 17:25:20","2017-12-18 19:09:35",6255.0,0.000299156350396, ,1, , , , , , , , , , , ,1, , , 
"2017-12-18 19:09:35","2017-12-18 19:18:58",563.0,2.69264628734E-05, ,1, , ,1, , , , ,1, , , ,1, , , 
"2017-12-18 19:18:58","2017-12-18 19:24:30",332.0,1.5878482547E-05, ,1, , , , , , , , , , , ,1, , , 
"2017-12-18 19:24:30","2017-12-18 19:29:35",305.0,1.45871601712E-05, ,1, , ,1,1, , , , , , , ,1, , , 
"2017-12-18 19:29:35","2017-12-18 19:29:50",15.0,7.17401319894E-07, ,1, , ,1,1, , , ,1, , , ,1, , , 
"2017-12-18 19:29:50","2017-12-18 19:34:31",281.0,1.34393180593E-05, ,1, , ,1, , , , ,1, , , ,1, , , 
"2017-12-18 19:34:31","2017-12-18 19:37:22",171.0,8.17837504679E-06, ,1, , ,1,1, , , ,1, , , ,1, , , 
"2017-12-18 19:37:22","2017-12-18 19:39:32",130.0,6.21747810575E-06, ,1, , ,1,1, , , , , , , ,1, , , 
"2017-12-18 19:39:32","2017-12-18 20:23:46",2654.0,0.000126932206867, ,1, , , , , , , , , , , ,1, , , 
"2017-12-18 20:23:46","2017-12-18 20:24:18",32.0,1.53045614911E-06, ,1, , , , , , , , , , , ,1, ,242, 
"2017-12-18 20:24:18","2017-12-18 20:27:18",180.0,8.60881583873E-06,180,1, , , , , , , , , , , ,1, ,242, 
"2017-12-18 20:27:18","2017-12-18 20:27:48",30.0,1.43480263979E-06, ,1, , , , , , , , , , , ,1, ,242, 
"2017-12-18 20:27:48","2017-12-19 00:59:18",16290.0,0.000779097833405, ,1, , , , , , , , , , , ,1, , , 
"2017-12-19 00:59:18","2017-12-19 00:59:46",28.0,1.33914913047E-06,960,1, , , , , , , , , , , ,1, , , 
"2017-12-19 00:59:46","2017-12-19 01:15:18",932.0,4.45745353428E-05,960,1, , , , , , , , , , , ,1, ,953, 
"2017-12-19 01:15:18","2017-12-19 01:15:39",21.0,1.00436184785E-06, ,1, , , , , , , , , , , ,1, ,953, 
"2017-12-19 01:15:39","2017-12-20 00:59:47",85448.0,0.00408670053215, ,1, , , , , , , , , , , ,1, , , 
"2017-12-20 00:59:47","2017-12-20 01:00:18",31.0,1.48262939445E-06, ,1, , , , , , , , , , , ,1, ,943, 
"2017-12-20 01:00:18","2017-12-20 01:15:30",912.0,4.36180002496E-05,915,1, , , , , , , , , , , ,1, ,943, 
"2017-12-20 01:15:30","2017-12-20 01:15:33",3.0,1.43480263979E-07,915,1, , , , , , , , , , , ,1, , , 
"2017-12-20 01:15:33","2017-12-21 00:59:46",85453.0,0.00408693966593, ,1, , , , , , , , , , , ,1, , , 
"2017-12-21 00:59:46","2017-12-21 01:00:18",32.0,1.53045614911E-06, ,1, , , , , , , , , , , ,1, ,945, 
"2017-12-21 01:00:18","2017-12-21 01:15:31",913.0,4.36658270042E-05,915,1, , , , , , , , , , , ,1, ,945, 
"2017-12-21 01:15:31","2017-12-21 01:15:33",2.0,9.56535093192E-08,915,1, , , , , , , , , , , ,1, , , 
"2017-12-21 01:15:33","2017-12-22 00:59:18",85425.0,0.0040856005168, ,1, , , , , , , , , , , ,1, , , 
"2017-12-22 00:59:18","2017-12-22 00:59:47",29.0,1.38697588513E-06,963,1, , , , , , , , , , , ,1, , , 
"2017-12-22 00:59:47","2017-12-22 01:15:21",934.0,4.46701888521E-05,963,1, , , , , , , , , , , ,1, ,941, 
"2017-12-22 01:15:21","2017-12-22 01:15:28",7.0,3.34787282617E-07, ,1, , , , , , , , , , , ,1, ,941, 
"2017-12-22 01:15:28","2017-12-22 09:18:46",28998.0,0.00138688023162, ,1, , , , , , , , , , , ,1, , , 
"2017-12-22 09:18:46","2017-12-22 09:19:18",32.0,1.53045614911E-06, ,1, , , , , , , , , , , ,1, ,2236, 
"2017-12-22 09:19:18","2017-12-22 09:56:02",2204.0,0.00010541016727,2220,1, , , , , , , , , , , ,1, ,2236, 
"2017-12-22 09:56:02","2017-12-22 09:56:18",16.0,7.65228074554E-07,2220,1, , , , , , , , , , , ,1, , , 
"2017-12-22 09:56:18","2017-12-23 00:59:46",54208.0,0.00259259271659, ,1, , , , , , , , , , , ,1, , , 
"2017-12-23 00:59:46","2017-12-23 01:00:18",32.0,1.53045614911E-06, ,1, , , , , , , , , , , ,1, ,948, 
"2017-12-23 01:00:18","2017-12-23 01:15:34",916.0,4.38093072682E-05,917,1, , , , , , , , , , , ,1, ,948, 
"2017-12-23 01:15:34","2017-12-23 01:15:35",1.0,4.78267546596E-08,917,1, , , , , , , , , , , ,1, , , 
"2017-12-23 01:15:35","2017-12-23 20:32:18",69403.0,0.00331932025364, ,1, , , , , , , , , , , ,1, , , 
"2017-12-23 20:32:18","2017-12-23 20:35:33",195.0,9.32621715862E-06,195,1, , , , , , , , , , , ,1, , , 
"2017-12-23 20:35:33","2017-12-24 00:58:18",15765.0,0.000753988787209, ,1, , , , , , , , , , , ,1, , , 
"2017-12-24 00:58:18","2017-12-24 00:59:47",89.0,4.2565811647E-06,1027,1, , , , , , , , , , , ,1, , , 
"2017-12-24 00:59:47","2017-12-24 01:15:25",938.0,4.48614958707E-05,1027,1, , , , , , , , , , , ,1, ,940, 
"2017-12-24 01:15:25","2017-12-24 01:15:27",2.0,9.56535093192E-08, ,1, , , , , , , , , , , ,1, ,940, 
"2017-12-24 01:15:27","2017-12-25 00:59:18",85431.0,0.00408588747732, ,1, , , , , , , , , , , ,1, , , 
"2017-12-25 00:59:18","2017-12-25 00:59:47",29.0,1.38697588513E-06,972,1, , , , , , , , , , , ,1, , , 
"2017-12-25 00:59:47","2017-12-25 01:15:30",943.0,4.5100629644E-05,972,1, , , , , , , , , , , ,1, ,944, 
"2017-12-25 01:15:30","2017-12-25 01:15:31",1.0,4.78267546596E-08, ,1, , , , , , , , , , , ,1, ,944, 
"2017-12-25 01:15:31","2017-12-25 09:09:18",28427.0,0.00135957115471, ,1, , , , , , , , , , , ,1, , , 
"2017-12-25 09:09:18","2017-12-25 09:09:47",29.0,1.38697588513E-06,728,1, , , , , , , , , , , ,1, , , 
"2017-12-25 09:09:47","2017-12-25 09:21:02",675.0,3.22830593952E-05,728,1, , , , , , , , , , , ,1, ,675, 
"2017-12-25 09:21:02","2017-12-25 09:21:26",24.0,1.14784211183E-06,728,1, , , , , , , , , , , ,1, , , 
"2017-12-25 09:21:26","2017-12-25 12:14:18",10372.0,0.000496059099329, ,1, , , , , , , , , , , ,1, , , 
"2017-12-25 12:14:18","2017-12-25 12:23:55",577.0,2.75960374386E-05,577,1, , , , , , , , , , , ,1, , , 
"2017-12-25 12:23:55","2017-12-25 12:50:18",1583.0,7.57097526262E-05, ,1, , , , , , , , , , , ,1, , , 
"2017-12-25 12:50:18","2017-12-25 12:51:46",88.0,4.20875441005E-06,3369,1, , , , , , , , , , , ,1, , , 
"2017-12-25 12:51:46","2017-12-25 13:46:27",3281.0,0.000156919582038,3369,1, , , , , , , , , , , ,1, ,3308, 
"2017-12-25 13:46:27","2017-12-25 13:46:54",27.0,1.29132237581E-06, ,1, , , , , , , , , , , ,1, ,3308, 
"2017-12-25 13:46:54","2017-12-26 00:59:26",40352.0,0.00192990520402, ,1, , , , , , , , , , , ,1, , , 
"2017-12-26 00:59:26","2017-12-26 00:59:54",28.0,1.33914913047E-06,977,1, , , , , , , , , , , ,1, , , 
"2017-12-26 00:59:54","2017-12-26 01:15:43",949.0,4.5387590172E-05,977,1, , , , , , , , , , , ,1, ,976, 
"2017-12-26 01:15:43","2017-12-26 01:16:10",27.0,1.29132237581E-06, ,1, , , , , , , , , , , ,1, ,976, 
"2017-12-26 01:16:10","2017-12-27 00:59:26",85396.0,0.00408421354091, ,1, , , , , , , , , , , ,1, , , 
"2017-12-27 00:59:26","2017-12-27 00:59:54",28.0,1.33914913047E-06,979,1, , , , , , , , , , , ,1, , , 
"2017-12-27 00:59:54","2017-12-27 01:15:45",951.0,4.54832436813E-05,979,1, , , , , , , , , , , ,1, ,978, 
"2017-12-27 01:15:45","2017-12-27 01:16:12",27.0,1.29132237581E-06, ,1, , , , , , , , , , , ,1, ,978, 
"2017-12-27 01:16:12","2017-12-27 21:41:54",73542.0,0.00351727519118, ,1, , , , , , , , , , , ,1, , , 
"2017-12-27 21:41:54","2017-12-27 21:45:29",215.0,1.02827522518E-05, ,1, , , , , , , , , , , ,1, ,215, 
"2017-12-27 21:45:29","2017-12-28 00:59:27",11638.0,0.000556607770728, ,1, , , , , , , , , , , ,1, , , 
"2017-12-28 00:59:27","2017-12-28 00:59:54",27.0,1.29132237581E-06,980,1, , , , , , , , , , , ,1, , , 
"2017-12-28 00:59:54","2017-12-28 01:15:47",953.0,4.55788971906E-05,980,1, , , , , , , , , , , ,1, ,981, 
"2017-12-28 01:15:47","2017-12-28 01:16:15",28.0,1.33914913047E-06, ,1, , , , , , , , , , , ,1, ,981, 
"2017-12-28 01:16:15","2017-12-29 00:59:27",85392.0,0.00408402223389, ,1, , , , , , , , , , , ,1, , , 
"2017-12-29 00:59:27","2017-12-29 00:59:54",27.0,1.29132237581E-06,982,1, , , , , , , , , , , ,1, , , 
"2017-12-29 00:59:54","2017-12-29 01:15:49",955.0,4.56745506999E-05,982,1, , , , , , , , , , , ,1, ,982, 
"2017-12-29 01:15:49","2017-12-29 01:16:16",27.0,1.29132237581E-06, ,1, , , , , , , , , , , ,1, ,982, 
"2017-12-29 01:16:16","2017-12-29 03:06:16",6600.0,0.000315656580753, ,1, , , , , , , , , , , ,1, , , 
"2017-12-29 03:06:16","2017-12-29 03:06:49",33.0,1.57828290377E-06, ,1, , , , , , , , , , , ,1, ,217, 
"2017-12-29 03:06:49","2017-12-29 03:09:53",184.0,8.80012285737E-06,214,1, , , , , , , , , , , ,1, ,217, 
"2017-12-29 03:09:53","2017-12-29 03:10:23",30.0,1.43480263979E-06,214,1, , , , , , , , , , , ,1, , , 
"2017-12-29 03:10:23","2017-12-30 00:59:26",78543.0,0.00375645679123, ,1, , , , , , , , , , , ,1, , , 
"2017-12-30 00:59:26","2017-12-30 00:59:55",29.0,1.38697588513E-06,985,1, , , , , , , , , , , ,1, , , 
"2017-12-30 00:59:55","2017-12-30 01:15:51",956.0,4.57223774546E-05,985,1, , , , , , , , , , , ,1, ,984, 
"2017-12-30 01:15:51","2017-12-30 01:16:19",28.0,1.33914913047E-06, ,1, , , , , , , , , , , ,1, ,984, 
"2017-12-30 01:16:19","2017-12-31 00:59:27",85388.0,0.00408383092687, ,1, , , , , , , , , , , ,1, , , 
"2017-12-31 00:59:27","2017-12-31 00:59:54",27.0,1.29132237581E-06,986,1, , , , , , , , , , , ,1, , , 
"2017-12-31 00:59:54","2017-12-31 01:15:53",959.0,4.58658577186E-05,986,1, , , , , , , , , , , ,1, ,987, 
"2017-12-31 01:15:53","2017-12-31 01:16:21",28.0,1.33914913047E-06, ,1, , , , , , , , , , , ,1, ,987, 
"2017-12-31 01:16:21","2017-12-31 23:59:59",81818.0,0.00391308941274, ,1, , , , , , , , , , , ,1, , , 
"2017-12-31 23:59:59","2018-01-01 00:00:00",1.0,4.78267546596E-08, , , , , , , , , , , , , ,1, , , 
"2018-01-01 00:00:00","2018-01-01 00:59:26",3566.0,0.000170550207116, ,1, , , , , , , , , , , ,1, , , 
"2018-01-01 00:59:26","2018-01-01 00:59:54",28.0,1.33914913047E-06,990,1, , , , , , , , , , , ,1, , , 
"2018-01-01 00:59:54","2018-01-01 01:15:56",962.0,4.60093379825E-05,990,1, , , , , , , , , , , ,1, ,989, 
"2018-01-01 01:15:56","2018-01-01 01:16:23",27.0,1.29132237581E-06, ,1, , , , , , , , , , , ,1, ,989, 
"2018-01-01 01:16:23","2018-01-02 00:59:27",85384.0,0.00408363961986, ,1, , , , , , , , , , , ,1, , , 
"2018-01-02 00:59:27","2018-01-02 00:59:54",27.0,1.29132237581E-06,991,1, , , , , , , , , , , ,1, , , 
"2018-01-02 00:59:54","2018-01-02 01:15:58",964.0,4.61049914919E-05,991,1, , , , , , , , , , , ,1, ,991, 
"2018-01-02 01:15:58","2018-01-02 01:16:25",27.0,1.29132237581E-06, ,1, , , , , , , , , , , ,1, ,991, 
"2018-01-02 01:16:25","2018-01-03 00:59:27",85382.0,0.00408354396635, ,1, , , , , , , , , , , ,1, , , 
"2018-01-03 00:59:27","2018-01-03 00:59:54",27.0,1.29132237581E-06,993,1, , , , , , , , , , , ,1, , , 
"2018-01-03 00:59:54","2018-01-03 01:16:00",966.0,4.62006450012E-05,993,1, , , , , , , , , , , ,1, ,993, 
"2018-01-03 01:16:00","2018-01-03 01:16:27",27.0,1.29132237581E-06, ,1, , , , , , , , , , , ,1, ,993, 
"2018-01-03 01:16:27","2018-01-03 12:09:27",39180.0,0.00187385224756, ,1, , , , , , , , , , , ,1, , , 
"2018-01-03 12:09:27","2018-01-03 12:09:54",27.0,1.29132237581E-06,3627,1, , , , , , , , , , , ,1, , , 
"2018-01-03 12:09:54","2018-01-03 13:09:54",3600.0,0.000172176316775,3627,1, , , , , , , , , , , ,1, ,3630, 
"2018-01-03 13:09:54","2018-01-03 13:10:24",30.0,1.43480263979E-06, ,1, , , , , , , , , , , ,1, ,3630, 
"2018-01-03 13:10:24","2018-01-04 00:59:54",42570.0,0.00203598494586, ,1, , , , , , , , , , , ,1, , , 
"2018-01-04 00:59:54","2018-01-04 01:00:27",33.0,1.57828290377E-06, ,1, , , , , , , , , , , ,1, ,996, 
"2018-01-04 01:00:27","2018-01-04 01:16:30",963.0,4.60571647372E-05,995,1, , , , , , , , , , , ,1, ,996, 
"2018-01-04 01:16:30","2018-01-04 01:17:02",32.0,1.53045614911E-06,995,1, , , , , , , , , , , ,1, , , 
"2018-01-04 01:17:02","2018-01-05 00:59:26",85344.0,0.00408172654967, ,1, , , , , , , , , , , ,1, , , 
"2018-01-05 00:59:26","2018-01-05 00:59:54",28.0,1.33914913047E-06,998,1, , , , , , , , , , , ,1, , , 
"2018-01-05 00:59:54","2018-01-05 01:16:04",970.0,4.63919520198E-05,998,1, , , , , , , , , , , ,1, ,998, 
"2018-01-05 01:16:04","2018-01-05 01:16:32",28.0,1.33914913047E-06, ,1, , , , , , , , , , , ,1, ,998, 
"2018-01-05 01:16:32","2018-01-06 00:59:27",85375.0,0.00408320917906, ,1, , , , , , , , , , , ,1, , , 
"2018-01-06 00:59:27","2018-01-06 00:59:55",28.0,1.33914913047E-06,999,1, , , , , , , , , , , ,1, , , 
"2018-01-06 00:59:55","2018-01-06 01:16:06",971.0,4.64397787745E-05,999,1, , , , , , , , , , , ,1, ,999, 
"2018-01-06 01:16:06","2018-01-06 01:16:34",28.0,1.33914913047E-06, ,1, , , , , , , , , , , ,1, ,999, 
"2018-01-06 01:16:34","2018-01-07 00:59:27",85373.0,0.00408311352555, ,1, , , , , , , , , , , ,1, , , 
"2018-01-07 00:59:27","2018-01-07 00:59:54",27.0,1.29132237581E-06,1001,1, , , , , , , , , , , ,1, , , 
"2018-01-07 00:59:54","2018-01-07 01:16:08",974.0,4.65832590385E-05,1001,1, , , , , , , , , , , ,1, ,1002, 
"2018-01-07 01:16:08","2018-01-07 01:16:36",28.0,1.33914913047E-06, ,1, , , , , , , , , , , ,1, ,1002, 
"2018-01-07 01:16:36","2018-01-07 16:53:54",56238.0,0.00268968102855, ,1, , , , , , , , , , , ,1, , , 
"2018-01-07 16:53:54","2018-01-07 16:54:27",33.0,1.57828290377E-06, ,1, , , , , , , , , , , ,1, ,156, 
"2018-01-07 16:54:27","2018-01-07 16:56:30",123.0,5.88269082313E-06,180,1, , , , , , , , , , , ,1, ,156, 
"2018-01-07 16:56:30","2018-01-07 16:57:27",57.0,2.7261250156E-06,180,1, , , , , , , , , , , ,1, , , 
"2018-01-07 16:57:27","2018-01-07 21:02:55",14728.0,0.000704392442627, ,1, , , , , , , , , , , ,1, , , 
"2018-01-07 21:02:55","2018-01-07 21:06:54",239.0,1.14305943636E-05, ,1, , , , , , , , , , , ,1, ,239, 
"2018-01-07 21:06:54","2018-01-08 00:46:55",13201.0,0.000631360988261, ,1, , , , , , , , , , , ,1, , , 
"2018-01-08 00:46:55","2018-01-08 00:47:27",32.0,1.53045614911E-06, ,1, , , , , , , , , , , ,1, ,1011, 
"2018-01-08 00:47:27","2018-01-08 01:03:46",979.0,4.68223928118E-05,1003,1, , , , , , , , , , , ,1, ,1011, 
"2018-01-08 01:03:46","2018-01-08 01:04:10",24.0,1.14784211183E-06,1003,1, , , , , , , , , , , ,1, , , 
"2018-01-08 01:04:10","2018-01-08 05:20:55",15405.0,0.000736771155531, ,1, , , , , , , , , , , ,1, , , 
"2018-01-08 05:20:55","2018-01-08 05:23:44",169.0,8.08272153747E-06, ,1, , , , , , , , , , , ,1, ,169, 
"2018-01-08 05:23:44","2018-01-09 00:59:27",70543.0,0.00337384275395, ,1, , , , , , , , , , , ,1, , , 
"2018-01-09 00:59:27","2018-01-09 00:59:54",27.0,1.29132237581E-06,1006,1, , , , , , , , , , , ,1, , , 
"2018-01-09 00:59:54","2018-01-09 01:16:13",979.0,4.68223928118E-05,1006,1, , , , , , , , , , , ,1, ,1007, 
"2018-01-09 01:16:13","2018-01-09 01:16:41",28.0,1.33914913047E-06, ,1, , , , , , , , , , , ,1, ,1007, 
"2018-01-09 01:16:41","2018-01-10 00:59:27",85366.0,0.00408277873827, ,1, , , , , , , , , , , ,1, , , 
"2018-01-10 00:59:27","2018-01-10 00:59:54",27.0,1.29132237581E-06,1007,1, , , , , , , , , , , ,1, , , 
"2018-01-10 00:59:54","2018-01-10 01:16:14",980.0,4.68702195664E-05,1007,1, , , , , , , , , , , ,1, ,1009, 
"2018-01-10 01:16:14","2018-01-10 01:16:43",29.0,1.38697588513E-06, ,1, , , , , , , , , , , ,1, ,1009, 
"2018-01-10 01:16:43","2018-01-11 00:59:27",85364.0,0.00408268308476, ,1, , , , , , , , , , , ,1, , , 
"2018-01-11 00:59:27","2018-01-11 00:59:54",27.0,1.29132237581E-06,1010,1, , , , , , , , , , , ,1, , , 
"2018-01-11 00:59:54","2018-01-11 01:16:17",983.0,4.70136998304E-05,1010,1, , , , , , , , , , , ,1, ,1011, 
"2018-01-11 01:16:17","2018-01-11 01:16:45",28.0,1.33914913047E-06, ,1, , , , , , , , , , , ,1, ,1011, 
"2018-01-11 01:16:45","2018-01-12 01:59:27",88962.0,0.00425476374803, ,1, , , , , , , , , , , ,1, , , 
"2018-01-12 01:59:27","2018-01-12 01:59:55",28.0,1.33914913047E-06,1012,1, , , , , , , , , , , ,1, , , 
"2018-01-12 01:59:55","2018-01-12 02:16:19",984.0,4.70615265851E-05,1012,1, , , , , , , , , , , ,1, ,1012, 
"2018-01-12 02:16:19","2018-01-12 02:16:47",28.0,1.33914913047E-06, ,1, , , , , , , , , , , ,1, ,1012, 
"2018-01-12 02:16:47","2018-01-13 01:59:27",85360.0,0.00408249177774, ,1, , , , , , , , , , , ,1, , , 
"2018-01-13 01:59:27","2018-01-13 01:59:55",28.0,1.33914913047E-06,1014,1, , , , , , , , , , , ,1, , , 
"2018-01-13 01:59:55","2018-01-13 02:16:21",986.0,4.71571800944E-05,1014,1, , , , , , , , , , , ,1, ,1014, 
"2018-01-13 02:16:21","2018-01-13 02:16:49",28.0,1.33914913047E-06, ,1, , , , , , , , , , , ,1, ,1014, 
"2018-01-13 02:16:49","2018-01-14 01:59:28",85359.0,0.00408244395099, ,1, , , , , , , , , , , ,1, , , 
"2018-01-14 01:59:28","2018-01-14 01:59:55",27.0,1.29132237581E-06,1016,1, , , , , , , , , , , ,1, , , 
"2018-01-14 01:59:55","2018-01-14 02:16:24",989.0,4.73006603583E-05,1016,1, , , , , , , , , , , ,1, ,1016, 
"2018-01-14 02:16:24","2018-01-14 02:16:51",27.0,1.29132237581E-06, ,1, , , , , , , , , , , ,1, ,1016, 
"2018-01-14 02:16:51","2018-01-15 01:59:27",85356.0,0.00408230047073, ,1, , , , , , , , , , , ,1, , , 
"2018-01-15 01:59:27","2018-01-15 01:59:55",28.0,1.33914913047E-06,1018,1, , , , , , , , , , , ,1, , , 
"2018-01-15 01:59:55","2018-01-15 02:16:25",990.0,4.7348487113E-05,1018,1, , , , , , , , , , , ,1, ,1018, 
"2018-01-15 02:16:25","2018-01-15 02:16:53",28.0,1.33914913047E-06, ,1, , , , , , , , , , , ,1, ,1018, 
"2018-01-15 02:16:53","2018-01-15 13:14:31",39458.0,0.00188714808536, ,1, , , , , , , , , , , ,1, , , 
"2018-01-15 13:14:31","2018-01-16 01:59:27",45896.0,0.00219505673186, ,1, , ,1,1, , , , , , , ,1, , , 
"2018-01-16 01:59:27","2018-01-16 01:59:55",28.0,1.33914913047E-06,1021,1, , ,1,1, , , , , , , ,1, , , 
"2018-01-16 01:59:55","2018-01-16 02:16:28",993.0,4.7491967377E-05,1021,1, , ,1,1, , , , , , , ,1, ,1020, 
"2018-01-16 02:16:28","2018-01-16 02:16:55",27.0,1.29132237581E-06, ,1, , ,1,1, , , , , , , ,1, ,1020, 
"2018-01-16 02:16:55","2018-01-17 01:59:27",85352.0,0.00408210916371, ,1, , ,1,1, , , , , , , ,1, , , 
"2018-01-17 01:59:27","2018-01-17 01:59:55",28.0,1.33914913047E-06,1023,1, , ,1,1, , , , , , , ,1, , , 
"2018-01-17 01:59:55","2018-01-17 02:16:30",995.0,4.75876208863E-05,1023,1, , ,1,1, , , , , , , ,1, ,1022, 
"2018-01-17 02:16:30","2018-01-17 02:16:57",27.0,1.29132237581E-06, ,1, , ,1,1, , , , , , , ,1, ,1022, 
"2018-01-17 02:16:57","2018-01-17 10:59:31",31354.0,0.0014995600656, ,1, , ,1,1, , , , , , , ,1, , , 
"2018-01-17 10:59:31","2018-01-17 11:08:27",536.0,2.56351404975E-05, ,1, , ,1,1, , , , , , , ,1, , , 
"2018-01-17 11:08:27","2018-01-17 22:31:55",41008.0,0.00196127955508, ,1, , , , , , , , , , , ,1, , , 
"2018-01-17 22:31:55","2018-01-17 22:34:40",165.0,7.89141451883E-06, ,1, , , , , , , , , , , ,1, ,165, 
"2018-01-17 22:34:40","2018-01-18 01:03:49",8949.0,0.000428001627449, ,1, , , , , , , , , , , ,1, , , 
"2018-01-18 01:03:49","2018-01-18 01:07:28",219.0,1.04740592705E-05,219,1, , , , , , , , , , , ,1, ,246, 
"2018-01-18 01:07:28","2018-01-18 01:07:55",27.0,1.29132237581E-06, ,1, , , , , , , , , , , ,1, ,246, 
"2018-01-18 01:07:55","2018-01-18 01:11:27",212.0,1.01392719878E-05, ,1, , , , , , , , , , , ,1, , , 
"2018-01-18 01:11:27","2018-01-18 01:11:55",28.0,1.33914913047E-06,236,1, , , , , , , , , , , ,1, , , 
"2018-01-18 01:11:55","2018-01-18 01:15:23",208.0,9.9479649692E-06,236,1, , , , , , , , , , , ,1, ,228, 
"2018-01-18 01:15:23","2018-01-18 01:15:43",20.0,9.56535093192E-07, ,1, , , , , , , , , , , ,1, ,228, 
"2018-01-18 01:15:43","2018-01-18 01:32:55",1032.0,4.93572108087E-05, ,1, , , , , , , , , , , ,1, , , 
"2018-01-18 01:32:55","2018-01-18 01:36:18",203.0,9.7088311959E-06, ,1, , , , , , , , , , , ,1, ,203, 
"2018-01-18 01:36:18","2018-01-18 01:44:49",511.0,2.44394716311E-05, ,1, , , , , , , , , , , ,1, , , 
"2018-01-18 01:44:49","2018-01-18 01:47:27",158.0,7.55662723622E-06,158,1, , , , , , , , , , , ,1, , , 
"2018-01-18 01:47:27","2018-01-18 01:59:27",720.0,3.44352633549E-05, ,1, , , , , , , , , , , ,1, , , 
"2018-01-18 01:59:27","2018-01-18 01:59:55",28.0,1.33914913047E-06,1025,1, , , , , , , , , , , ,1, , , 
"2018-01-18 01:59:55","2018-01-18 02:16:32",997.0,4.76832743956E-05,1025,1, , , , , , , , , , , ,1, ,1025, 
"2018-01-18 02:16:32","2018-01-18 02:17:00",28.0,1.33914913047E-06, ,1, , , , , , , , , , , ,1, ,1025, 
"2018-01-18 02:17:00","2018-01-18 02:26:00",540.0,2.58264475162E-05, ,1, , , , , , , , , , , ,1, , , 
"2018-01-18 02:26:00","2018-01-18 02:26:32",32.0,1.53045614911E-06, ,1, , , , , , , , , , , ,1, ,229, 
"2018-01-18 02:26:32","2018-01-18 02:29:49",197.0,9.42187066794E-06,240,1, , , , , , , , , , , ,1, ,229, 
"2018-01-18 02:29:49","2018-01-18 02:30:32",43.0,2.05655045036E-06,240,1, , , , , , , , , , , ,1, , , 
"2018-01-18 02:30:32","2018-01-18 02:37:32",420.0,2.0087236957E-05, ,1, , , , , , , , , , , ,1, , , 
"2018-01-18 02:37:32","2018-01-18 02:40:40",188.0,8.99142987601E-06,188,1, , , , , , , , , , , ,1, , , 
"2018-01-18 02:40:40","2018-01-18 17:43:27",54167.0,0.00259063181965, ,1, , , , , , , , , , , ,1, , , 
"2018-01-18 17:43:27","2018-01-18 17:43:55",28.0,1.33914913047E-06,200,1, , , , , , , , , , , ,1, , , 
"2018-01-18 17:43:55","2018-01-18 17:46:47",172.0,8.22620180145E-06,200,1, , , , , , , , , , , ,1, ,420, 
"2018-01-18 17:46:47","2018-01-18 17:50:27",220.0,1.05218860251E-05,220,1, , , , , , , , , , , ,1, ,420, 
"2018-01-18 17:50:27","2018-01-18 17:50:55",28.0,1.33914913047E-06,301,1, , , , , , , , , , , ,1, ,420, 
"2018-01-18 17:50:55","2018-01-18 17:52:11",76.0,3.63483335413E-06,301,1, , , , , , , , , , , ,1, , , 
"2018-01-18 17:52:11","2018-01-18 17:55:15",184.0,8.80012285737E-06,301,1, , , , , , , , , , , ,1, ,184, 
"2018-01-18 17:55:15","2018-01-18 17:55:28",13.0,6.21747810575E-07,301,1, , , , , , , , , , , ,1, , , 
"2018-01-18 17:55:28","2018-01-18 17:56:27",59.0,2.82177852492E-06, ,1, , , , , , , , , , , ,1, , , 
"2018-01-18 17:56:27","2018-01-18 17:59:27",180.0,8.60881583873E-06,180,1, , , , , , , , , , , ,1, , , 
"2018-01-18 17:59:27","2018-01-19 01:59:28",28801.0,0.00137745836095, ,1, , , , , , , , , , , ,1, , , 
"2018-01-19 01:59:28","2018-01-19 01:59:55",27.0,1.29132237581E-06,1026,1, , , , , , , , , , , ,1, , , 
"2018-01-19 01:59:55","2018-01-19 02:16:34",999.0,4.77789279049E-05,1026,1, , , , , , , , , , , ,1, ,1026, 
"2018-01-19 02:16:34","2018-01-19 02:17:01",27.0,1.29132237581E-06, ,1, , , , , , , , , , , ,1, ,1026, 
"2018-01-19 02:17:01","2018-01-20 01:58:27",85286.0,0.0040789525979, ,1, , , , , , , , , , , ,1, , , 
"2018-01-20 01:58:27","2018-01-20 01:58:55",28.0,1.33914913047E-06,1069,1, , , , , , , , , , , ,1, , , 
"2018-01-20 01:58:55","2018-01-20 02:16:16",1041.0,4.97876516006E-05,1069,1, , , , , , , , , , , ,1, ,1089, 
"2018-01-20 02:16:16","2018-01-20 02:17:04",48.0,2.29568422366E-06, ,1, , , , , , , , , , , ,1, ,1089, 
"2018-01-20 02:17:04","2018-01-20 03:09:04",3120.0,0.000149219474538, ,1, , , , , , , , , , , ,1, , , 
"2018-01-20 03:09:04","2018-01-20 03:11:43",159.0,7.60445399088E-06, ,1, , , , , , , , , , , ,1, ,159, 
"2018-01-20 03:11:43","2018-01-20 04:44:04",5541.0,0.000265008047569, ,1, , , , , , , , , , , ,1, , , 
"2018-01-20 04:44:04","2018-01-20 04:44:27",23.0,1.10001535717E-06, ,1, , , , , , , , , , , ,1, ,315, 
"2018-01-20 04:44:27","2018-01-20 04:49:19",292.0,1.39654123606E-05,320,1, , , , , , , , , , , ,1, ,315, 
"2018-01-20 04:49:19","2018-01-20 04:49:47",28.0,1.33914913047E-06,320,1, , , , , , , , , , , ,1, , , 
"2018-01-20 04:49:47","2018-01-20 04:49:55",8.0,3.82614037277E-07, ,1, , , , , , , , , , , ,1, , , 
"2018-01-20 04:49:55","2018-01-20 04:52:58",183.0,8.75229610271E-06, ,1, , , , , , , , , , , ,1, ,183, 
"2018-01-20 04:52:58","2018-01-20 06:53:55",7257.0,0.000347078758565, ,1, , , , , , , , , , , ,1, , , 
"2018-01-20 06:53:55","2018-01-20 06:57:14",199.0,9.51752417726E-06, ,1, , , , , , , , , , , ,1, ,199, 
"2018-01-20 06:57:14","2018-01-20 06:58:35",81.0,3.87396712743E-06, ,1, , , , , , , , , , , ,1, , , 
"2018-01-20 06:58:35","2018-01-20 06:58:55",20.0,9.56535093192E-07,218,1, , , , , , , , , , , ,1, , , 
"2018-01-20 06:58:55","2018-01-20 07:02:13",198.0,9.4696974226E-06,218,1, , , , , , , , , , , ,1, ,241, 
"2018-01-20 07:02:13","2018-01-20 07:02:56",43.0,2.05655045036E-06, ,1, , , , , , , , , , , ,1, ,241, 
"2018-01-20 07:02:56","2018-01-20 23:10:27",58051.0,0.00277639093474, ,1, , , , , , , , , , , ,1, , , 
"2018-01-20 23:10:27","2018-01-20 23:10:55",28.0,1.33914913047E-06,223,1, , , , , , , , , , , ,1, , , 
"2018-01-20 23:10:55","2018-01-20 23:13:55",180.0,8.60881583873E-06,223,1, , , , , , , , , , , ,1, ,180, 
"2018-01-20 23:13:55","2018-01-20 23:14:10",15.0,7.17401319894E-07,223,1, , , , , , , , , , , ,1, , , 
"2018-01-20 23:14:10","2018-01-20 23:14:27",17.0,8.13054829213E-07, ,1, , , , , , , , , , , ,1, , , 
"2018-01-20 23:14:27","2018-01-20 23:14:55",28.0,1.33914913047E-06,214,1, , , , , , , , , , , ,1, , , 
"2018-01-20 23:14:55","2018-01-20 23:18:01",186.0,8.89577636669E-06,214,1, , , , , , , , , , , ,1, ,213, 
"2018-01-20 23:18:01","2018-01-20 23:18:28",27.0,1.29132237581E-06, ,1, , , , , , , , , , , ,1, ,213, 
"2018-01-20 23:18:28","2018-01-20 23:19:56",88.0,4.20875441005E-06, ,1, , , , , , , , , , , ,1, , , 
"2018-01-20 23:19:56","2018-01-20 23:22:27",151.0,7.2218399536E-06, ,1, , , , , , , , , , , ,1, ,151, 
"2018-01-20 23:22:27","2018-01-20 23:22:35",8.0,3.82614037277E-07, ,1, , , , , , , , , , , ,1, ,175, 
"2018-01-20 23:22:35","2018-01-20 23:25:22",167.0,7.98706802815E-06,233,1, , , , , , , , , , , ,1, ,175, 
"2018-01-20 23:25:22","2018-01-20 23:26:28",66.0,3.15656580753E-06,233,1, , , , , , , , , , , ,1, , , 
"2018-01-20 23:26:28","2018-01-20 23:40:55",867.0,4.14657962899E-05, ,1, , , , , , , , , , , ,1, , , 
"2018-01-20 23:40:55","2018-01-20 23:45:28",273.0,1.30567040221E-05, ,1, , , , , , , , , , , ,1, ,282, 
"2018-01-20 23:45:28","2018-01-20 23:45:37",9.0,4.30440791936E-07,179,1, , , , , , , , , , , ,1, ,282, 
"2018-01-20 23:45:37","2018-01-20 23:48:27",170.0,8.13054829213E-06,179,1, , , , , , , , , , , ,1, , , 
"2018-01-20 23:48:27","2018-01-21 00:05:55",1048.0,5.01224388833E-05, ,1, , , , , , , , , , , ,1, , , 
"2018-01-21 00:05:55","2018-01-21 00:09:13",198.0,9.4696974226E-06, ,1, , , , , , , , , , , ,1, ,198, 
"2018-01-21 00:09:13","2018-01-21 01:59:27",6614.0,0.000316326155319, ,1, , , , , , , , , , , ,1, , , 
"2018-01-21 01:59:27","2018-01-21 01:59:56",29.0,1.38697588513E-06,1031,1, , , , , , , , , , , ,1, , , 
"2018-01-21 01:59:56","2018-01-21 02:16:38",1002.0,4.79224081689E-05,1031,1, , , , , , , , , , , ,1, ,1030, 
"2018-01-21 02:16:38","2018-01-21 02:17:06",28.0,1.33914913047E-06, ,1, , , , , , , , , , , ,1, ,1030, 
"2018-01-21 02:17:06","2018-01-22 01:59:28",85342.0,0.00408163089616, ,1, , , , , , , , , , , ,1, , , 
"2018-01-22 01:59:28","2018-01-22 01:59:55",27.0,1.29132237581E-06,1033,1, , , , , , , , , , , ,1, , , 
"2018-01-22 01:59:55","2018-01-22 02:16:41",1006.0,4.81137151876E-05,1033,1, , , , , , , , , , , ,1, ,1033, 
"2018-01-22 02:16:41","2018-01-22 02:17:08",27.0,1.29132237581E-06, ,1, , , , , , , , , , , ,1, ,1033, 
"2018-01-22 02:17:08","2018-01-23 01:59:28",85340.0,0.00408153524265, ,1, , , , , , , , , , , ,1, , , 
"2018-01-23 01:59:28","2018-01-23 01:59:55",27.0,1.29132237581E-06,1035,1, , , , , , , , , , , ,1, , , 
"2018-01-23 01:59:55","2018-01-23 02:16:43",1008.0,4.82093686969E-05,1035,1, , , , , , , , , , , ,1, ,1035, 
"2018-01-23 02:16:43","2018-01-23 02:17:10",27.0,1.29132237581E-06, ,1, , , , , , , , , , , ,1, ,1035, 
"2018-01-23 02:17:10","2018-01-23 04:20:43",7413.0,0.000354539732292, ,1, , , , , , , , , , , ,1, , , 
"2018-01-23 04:20:43","2018-01-23 04:23:43",180.0,8.60881583873E-06,180,1, , , , , , , , , , , ,1, , , 
"2018-01-23 04:23:43","2018-01-23 04:26:44",181.0,8.65664259339E-06, ,1, , , , , , , , , , , ,1, , , 
"2018-01-23 04:26:44","2018-01-23 04:26:50",6.0,2.86960527958E-07,179,1, , , , , , , , , , , ,1, , , 
"2018-01-23 04:26:50","2018-01-23 04:29:27",157.0,7.50880048156E-06,179,1, , , , , , , , , , , ,1, ,157, 
"2018-01-23 04:29:27","2018-01-23 04:29:43",16.0,7.65228074554E-07,179,1, , , , , , , , , , , ,1, , , 
"2018-01-23 04:29:43","2018-01-23 04:30:10",27.0,1.29132237581E-06,158,1, , , , , , , , , , , ,1, , , 
"2018-01-23 04:30:10","2018-01-23 04:32:21",131.0,6.26530486041E-06,158,1, , , , , , , , , , , ,1, ,180, 
"2018-01-23 04:32:21","2018-01-23 04:33:10",49.0,2.34351097832E-06, ,1, , , , , , , , , , , ,1, ,180, 
"2018-01-23 04:33:10","2018-01-23 14:40:28",36438.0,0.00174271128629, ,1, , , , , , , , , , , ,1, , , 
"2018-01-23 14:40:28","2018-01-23 14:40:55",27.0,1.29132237581E-06,185,1, , , , , , , , , , , ,1, , , 
"2018-01-23 14:40:55","2018-01-23 14:43:33",158.0,7.55662723622E-06,185,1, , , , , , , , , , , ,1, ,181, 
"2018-01-23 14:43:33","2018-01-23 14:43:56",23.0,1.10001535717E-06, ,1, , , , , , , , , , , ,1, ,181, 
"2018-01-23 14:43:56","2018-01-23 18:49:27",14731.0,0.000704535922891, ,1, , , , , , , , , , , ,1, , , 
"2018-01-23 18:49:27","2018-01-23 18:52:28",181.0,8.65664259339E-06,181,1, , , , , , , , , , , ,1, , , 
"2018-01-23 18:52:28","2018-01-23 20:43:55",6687.0,0.000319817508409, ,1, , , , , , , , , , , ,1, , , 
"2018-01-23 20:43:55","2018-01-23 20:44:27",32.0,1.53045614911E-06, ,1, , , , , , , , , , , ,1, ,196, 
"2018-01-23 20:44:27","2018-01-23 20:47:11",164.0,7.84358776418E-06,165,1, , , , , , , , , , , ,1, ,196, 
"2018-01-23 20:47:11","2018-01-23 20:47:12",1.0,4.78267546596E-08,165,1, , , , , , , , , , , ,1, , , 
"2018-01-23 20:47:12","2018-01-23 20:49:27",135.0,6.45661187905E-06, ,1, , , , , , , , , , , ,1, , , 
"2018-01-23 20:49:27","2018-01-23 20:50:04",37.0,1.76958992241E-06,257,1, , , , , , , , , , , ,1, , , 
"2018-01-23 20:50:04","2018-01-23 20:52:45",161.0,7.7001075002E-06,257,1, , , , , , , , , , , ,1, ,161, 
"2018-01-23 20:52:45","2018-01-23 20:53:44",59.0,2.82177852492E-06,257,1, , , , , , , , , , , ,1, , , 
"2018-01-23 20:53:44","2018-01-23 20:55:55",131.0,6.26530486041E-06, ,1, , , , , , , , , , , ,1, , , 
"2018-01-23 20:55:55","2018-01-23 20:59:06",191.0,9.13491013998E-06, ,1, , , , , , , , , , , ,1, ,191, 
"2018-01-23 20:59:06","2018-01-23 20:59:55",49.0,2.34351097832E-06, ,1, , , , , , , , , , , ,1, , , 
"2018-01-23 20:59:55","2018-01-23 21:01:41",106.0,5.06963599392E-06, ,1, , , , , , , , , , , ,1, ,305, 
"2018-01-23 21:01:41","2018-01-23 21:05:00",199.0,9.51752417726E-06,243,1, , , , , , , , , , , ,1, ,305, 
"2018-01-23 21:05:00","2018-01-23 21:05:44",44.0,2.10437720502E-06,243,1, , , , , , , , , , , ,1, , , 
"2018-01-23 21:05:44","2018-01-24 01:01:55",14171.0,0.000677752940281, ,1, , , , , , , , , , , ,1, , , 
"2018-01-24 01:01:55","2018-01-24 01:05:27",212.0,1.01392719878E-05, ,1, , , , , , , , , , , ,1, ,212, 
"2018-01-24 01:05:27","2018-01-24 02:59:28",6841.0,0.000327182828626, ,1, , , , , , , , , , , ,1, , , 
"2018-01-24 02:59:28","2018-01-24 02:59:55",27.0,1.29132237581E-06,1037,1, , , , , , , , , , , ,1, , , 
"2018-01-24 02:59:55","2018-01-24 03:16:45",1010.0,4.83050222062E-05,1037,1, , , , , , , , , , , ,1, ,1037, 
"2018-01-24 03:16:45","2018-01-24 03:17:12",27.0,1.29132237581E-06, ,1, , , , , , , , , , , ,1, ,1037, 
"2018-01-24 03:17:12","2018-01-25 02:59:28",85336.0,0.00408134393563, ,1, , , , , , , , , , , ,1, , , 
"2018-01-25 02:59:28","2018-01-25 02:59:55",27.0,1.29132237581E-06,1039,1, , , , , , , , , , , ,1, , , 
"2018-01-25 02:59:55","2018-01-25 03:16:47",1012.0,4.84006757155E-05,1039,1, , , , , , , , , , , ,1, ,1039, 
"2018-01-25 03:16:47","2018-01-25 03:17:14",27.0,1.29132237581E-06, ,1, , , , , , , , , , , ,1, ,1039, 
"2018-01-25 03:17:14","2018-01-27 02:59:27",171733.0,0.00821343205796, ,1, , , , , , , , , , , ,1, , , 
"2018-01-27 02:59:27","2018-01-27 02:59:55",28.0,1.33914913047E-06,1044,1, , , , , , , , , , , ,1, , , 
"2018-01-27 02:59:55","2018-01-27 03:16:51",1016.0,4.85919827342E-05,1044,1, , , , , , , , , , , ,1, ,1044, 
"2018-01-27 03:16:51","2018-01-27 03:17:19",28.0,1.33914913047E-06, ,1, , , , , , , , , , , ,1, ,1044, 
"2018-01-27 03:17:19","2018-01-27 23:41:28",73449.0,0.00351282730299, ,1, , , , , , , , , , , ,1, , , 
"2018-01-27 23:41:28","2018-01-27 23:44:19",171.0,8.17837504679E-06,171,1, , , , , , , , , , , ,1, , , 
"2018-01-27 23:44:19","2018-01-28 08:00:28",29769.0,0.00142375465946, ,1, , , , , , , , , , , ,1, , , 
"2018-01-28 08:00:28","2018-01-28 08:00:55",27.0,1.29132237581E-06,1046,1, , , , , , , , , , , ,1, , , 
"2018-01-28 08:00:55","2018-01-28 08:17:54",1019.0,4.87354629981E-05,1046,1, , , , , , , , , , , ,1, ,1046, 
"2018-01-28 08:17:54","2018-01-28 08:18:21",27.0,1.29132237581E-06, ,1, , , , , , , , , , , ,1, ,1046, 
"2018-01-28 08:18:21","2018-01-29 11:24:56",97595.0,0.004667652121, ,1, , , , , , , , , , , ,1, , , 
"2018-01-29 11:24:56","2018-01-29 11:25:27",31.0,1.48262939445E-06, ,1, , , , , , , , , , , ,1, ,1048, 
"2018-01-29 11:25:27","2018-01-29 11:42:24",1017.0,4.86398094888E-05,1049,1, , , , , , , , , , , ,1, ,1048, 
"2018-01-29 11:42:24","2018-01-29 11:42:56",32.0,1.53045614911E-06,1049,1, , , , , , , , , , , ,1, , , 
"2018-01-29 11:42:56","2018-01-31 23:59:59",217023.0,0.0103795057765, ,1, , , , , , , , , , , ,1, , , 
"2018-01-31 23:59:59","2018-02-01 00:00:00",1.0,4.78267546596E-08, , , , , , , , , , , , , ,1, , , 
"2018-02-01 00:00:00","2018-02-01 07:01:28",25288.0,0.00120944297183, ,1, , , , , , , , , , , ,1, , , 
"2018-02-01 07:01:28","2018-02-01 07:01:55",27.0,1.29132237581E-06,1054,1, , , , , , , , , , , ,1, , , 
"2018-02-01 07:01:55","2018-02-01 07:19:02",1027.0,4.91180770354E-05,1054,1, , , , , , , , , , , ,1, ,1055, 
"2018-02-01 07:19:02","2018-02-01 07:19:30",28.0,1.33914913047E-06, ,1, , , , , , , , , , , ,1, ,1055, 
"2018-02-01 07:19:30","2018-02-03 10:55:28",185758.0,0.00888420229206, ,1, , , , , , , , , , , ,1, , , 
"2018-02-03 10:55:28","2018-02-03 10:55:56",28.0,1.33914913047E-06,1059,1, , , , , , , , , , , ,1, , , 
"2018-02-03 10:55:56","2018-02-03 11:13:07",1031.0,4.93093840541E-05,1059,1, , , , , , , , , , , ,1, ,1058, 
"2018-02-03 11:13:07","2018-02-03 11:13:34",27.0,1.29132237581E-06, ,1, , , , , , , , , , , ,1, ,1058, 
"2018-02-03 11:13:34","2018-02-06 03:53:55",232821.0,0.0111350728466, ,1, , , , , , , , , , , ,1, , , 
"2018-02-06 03:53:55","2018-02-06 03:54:28",33.0,1.57828290377E-06, ,1, , , , , , , , , , , ,1, ,166, 
"2018-02-06 03:54:28","2018-02-06 03:56:41",133.0,6.36095836973E-06,150,1, , , , , , , , , , , ,1, ,166, 
"2018-02-06 03:56:41","2018-02-06 03:56:58",17.0,8.13054829213E-07,150,1, , , , , , , , , , , ,1, , , 
"2018-02-06 03:56:58","2018-02-07 07:31:28",99270.0,0.00474776193506, ,1, , , , , , , , , , , ,1, , , 
"2018-02-07 07:31:28","2018-02-07 07:34:00",152.0,7.26966670826E-06,152,1, , , , , , , , , , , ,1, , , 
"2018-02-07 07:34:00","2018-02-09 08:25:57",175917.0,0.00841353919945, ,1, , , , , , , , , , , ,1, , , 
"2018-02-09 08:25:57","2018-02-09 08:26:28",31.0,1.48262939445E-06, ,1, , , , , , , , , , , ,1, ,1910, 
"2018-02-09 08:26:28","2018-02-09 08:56:36",1808.0,8.64707724246E-05,1808,1, , , , , , , , , , , ,1, ,1910, 
"2018-02-09 08:56:36","2018-02-09 08:57:47",71.0,3.39569958083E-06, ,1, , , , , , , , , , , ,1, ,1910, 
"2018-02-09 08:57:47","2018-02-09 10:22:28",5081.0,0.000243007740425, ,1, , , , , , , , , , , ,1, , , 
"2018-02-09 10:22:28","2018-02-09 10:26:19",231.0,1.10479803264E-05,231,1, , , , , , , , , , , ,1, , , 
"2018-02-09 10:26:19","2018-02-09 12:01:55",5736.0,0.000274334264727, ,1, , , , , , , , , , , ,1, , , 
"2018-02-09 12:01:55","2018-02-09 12:04:46",171.0,8.17837504679E-06, ,1, , , , , , , , , , , ,1, ,171, 
"2018-02-09 12:04:46","2018-02-09 16:26:55",15729.0,0.000752267024041, ,1, , , , , , , , , , , ,1, , , 
"2018-02-09 16:26:55","2018-02-09 16:29:46",171.0,8.17837504679E-06, ,1, , , , , , , , , , , ,1, ,171, 
"2018-02-09 16:29:46","2018-02-10 00:59:56",30610.0,0.00146397696013, ,1, , , , , , , , , , , ,1, , , 
"2018-02-10 00:59:56","2018-02-10 01:00:28",32.0,1.53045614911E-06, ,1, , , , , , , , , , , ,1, ,1073, 
"2018-02-10 01:00:28","2018-02-10 01:17:49",1041.0,4.97876516006E-05,1073,1, , , , , , , , , , , ,1, ,1073, 
"2018-02-10 01:17:49","2018-02-10 01:18:21",32.0,1.53045614911E-06,1073,1, , , , , , , , , , , ,1, , , 
"2018-02-10 01:18:21","2018-02-11 01:00:49",85348.0,0.00408191785669, ,1, , , , , , , , , , , ,1, , , 
"2018-02-11 01:00:49","2018-02-11 01:03:49",180.0,8.60881583873E-06, ,1, , , , , , , , , , , ,1, ,180, 
"2018-02-11 01:03:49","2018-02-18 14:54:04",654615.0,0.0313081110015, ,1, , , , , , , , , , , ,1, , , 
"2018-02-18 14:54:04","2018-02-18 14:56:45",161.0,7.7001075002E-06, ,1, , , , , , , , , , , ,1, ,161, 
"2018-02-18 14:56:45","2018-02-19 10:12:36",69351.0,0.0033168332624, ,1, , , , , , , , , , , ,1, , , 
"2018-02-19 10:12:36","2018-02-19 10:13:04",28.0,1.33914913047E-06,207,1, , , , , , , , , , , ,1, , , 
"2018-02-19 10:13:04","2018-02-19 10:16:03",179.0,8.56098908407E-06,207,1, , , , , , , , , , , ,1, ,180, 
"2018-02-19 10:16:03","2018-02-19 10:16:04",1.0,4.78267546596E-08, ,1, , , , , , , , , , , ,1, ,180, 
"2018-02-19 10:16:04","2018-02-20 04:06:37",64233.0,0.00307205593205, ,1, , , , , , , , , , , ,1, , , 
"2018-02-20 04:06:37","2018-02-20 04:10:04",207.0,9.90013821454E-06,240,1, , , , , , , , , , , ,1, , , 
"2018-02-20 04:10:04","2018-02-20 04:10:37",33.0,1.57828290377E-06,240,1, , , , , , , , , , , ,1, ,257, 
"2018-02-20 04:10:37","2018-02-20 04:14:21",224.0,1.07131930438E-05,237,1, , , , , , , , , , , ,1, ,257, 
"2018-02-20 04:14:21","2018-02-20 04:14:34",13.0,6.21747810575E-07,237,1, , , , , , , , , , , ,1, , , 
"2018-02-20 04:14:34","2018-02-20 04:19:04",270.0,1.29132237581E-05, ,1, , , , , , , , , , , ,1, , , 
"2018-02-20 04:19:04","2018-02-20 04:19:37",33.0,1.57828290377E-06, ,1, , , , , , , , , , , ,1, ,251, 
"2018-02-20 04:19:37","2018-02-20 04:23:15",218.0,1.04262325158E-05,257,1, , , , , , , , , , , ,1, ,251, 
"2018-02-20 04:23:15","2018-02-20 04:23:54",39.0,1.86524343172E-06,257,1, , , , , , , , , , , ,1, , , 
"2018-02-20 04:23:54","2018-02-20 20:54:04",59410.0,0.00284138749433, ,1, , , , , , , , , , , ,1, , , 
"2018-02-20 20:54:04","2018-02-20 20:56:39",155.0,7.41314697224E-06, ,1, , , , , , , , , , , ,1, ,155, 
"2018-02-20 20:56:39","2018-02-20 21:10:37",838.0,4.00788204047E-05, ,1, , , , , , , , , , , ,1, , , 
"2018-02-20 21:10:37","2018-02-20 21:13:09",152.0,7.26966670826E-06,152,1, , , , , , , , , , , ,1, , , 
"2018-02-20 21:13:09","2018-02-20 21:56:04",2575.0,0.000123153893248, ,1, , , , , , , , , , , ,1, , , 
"2018-02-20 21:56:04","2018-02-20 21:56:36",32.0,1.53045614911E-06, ,1, , , , , , , , , , , ,1, ,175, 
"2018-02-20 21:56:36","2018-02-20 21:58:59",143.0,6.83922591632E-06,240,1, , , , , , , , , , , ,1, ,175, 
"2018-02-20 21:58:59","2018-02-20 22:00:36",97.0,4.63919520198E-06,240,1, , , , , , , , , , , ,1, , , 
"2018-02-20 22:00:36","2018-02-24 00:59:29",269933.0,0.0129100193655, ,1, , , , , , , , , , , ,1, , , 
"2018-02-24 00:59:29","2018-02-24 00:59:56",27.0,1.29132237581E-06,1102,1, , , , , , , , , , , ,1, , , 
"2018-02-24 00:59:56","2018-02-24 01:17:51",1075.0,5.14137612591E-05,1102,1, , , , , , , , , , , ,1, ,1103, 
"2018-02-24 01:17:51","2018-02-24 01:18:19",28.0,1.33914913047E-06, ,1, , , , , , , , , , , ,1, ,1103, 
"2018-02-24 01:18:19","2018-02-28 23:59:59",427300.0,0.020436372266, ,1, , , , , , , , , , , ,1, , , 
"2018-02-28 23:59:59","2018-03-01 00:00:00",1.0,4.78267546596E-08, , , , , , , , , , , , , ,1, , , 
"2018-03-01 00:00:00","2018-03-03 00:59:29",176369.0,0.00843515689256, ,1, , , , , , , , , , , ,1, , , 
"2018-03-03 00:59:29","2018-03-03 00:59:57",28.0,1.33914913047E-06,1118,1, , , , , , , , , , , ,1, , , 
"2018-03-03 00:59:57","2018-03-03 01:18:07",1090.0,5.2131162579E-05,1118,1, , , , , , , , , , , ,1, ,1117, 
"2018-03-03 01:18:07","2018-03-03 01:18:34",27.0,1.29132237581E-06, ,1, , , , , , , , , , , ,1, ,1117, 
"2018-03-03 01:18:34","2018-03-03 05:55:06",16592.0,0.000793541513312, ,1, , , , , , , , , , , ,1, , , 
"2018-03-03 05:55:06","2018-03-03 05:59:07",241.0,1.1526247873E-05,241,1, , , , , , , , , , , ,1, , , 
"2018-03-03 05:59:07","2018-03-04 00:33:34",66867.0,0.00319803160382, ,1, , , , , , , , , , , ,1, , , 
"2018-03-04 00:33:34","2018-03-04 00:37:04",210.0,1.00436184785E-05, ,1, , , , , , , , , , , ,1, ,210, 
"2018-03-04 00:37:04","2018-03-09 17:45:29",493705.0,0.0236123079092, ,1, , , , , , , , , , , ,1, , , 
"2018-03-09 17:45:29","2018-03-09 17:48:57",208.0,9.9479649692E-06,360,1, , , , , , , , , , , ,1, , , 
"2018-03-09 17:48:57","2018-03-09 17:51:29",152.0,7.26966670826E-06,360,1, , , , , , , , , , , ,1, ,160, 
"2018-03-09 17:51:29","2018-03-09 17:51:37",8.0,3.82614037277E-07, ,1, , , , , , , , , , , ,1, ,160, 
"2018-03-09 17:51:37","2018-03-09 18:30:56",2359.0,0.000112823314242, ,1, , , , , , , , , , , ,1, , , 
"2018-03-09 18:30:56","2018-03-09 18:34:22",206.0,9.85231145988E-06, ,1, , , , , , , , , , , ,1, ,206, 
"2018-03-09 18:34:22","2018-03-10 00:59:30",23108.0,0.00110518064667, ,1, , , , , , , , , , , ,1, , , 
"2018-03-10 00:59:30","2018-03-10 00:59:57",27.0,1.29132237581E-06,1132,1, , , , , , , , , , , ,1, , , 
"2018-03-10 00:59:57","2018-03-10 01:18:22",1105.0,5.28485638989E-05,1132,1, , , , , , , , , , , ,1, ,1132, 
"2018-03-10 01:18:22","2018-03-10 01:18:49",27.0,1.29132237581E-06, ,1, , , , , , , , , , , ,1, ,1132, 
"2018-03-10 01:18:49","2018-03-11 01:22:22",86613.0,0.00414241870133, ,1, , , , , , , , , , , ,1, , , 
"2018-03-11 01:22:22","2018-03-11 01:25:22",180.0,8.60881583873E-06,180,1, , , , , , , , , , , ,1, , , 
"2018-03-11 01:25:22","2018-03-14 02:16:29",262267.0,0.0125433794643, ,1, , , , , , , , , , , ,1, , , 
"2018-03-14 02:16:29","2018-03-14 02:16:57",28.0,1.33914913047E-06,213,1, , , , , , , , , , , ,1, , , 
"2018-03-14 02:16:57","2018-03-14 02:19:49",172.0,8.22620180145E-06,213,1, , , , , , , , , , , ,1, ,172, 
"2018-03-14 02:19:49","2018-03-14 02:20:02",13.0,6.21747810575E-07,213,1, , , , , , , , , , , ,1, , , 
"2018-03-14 02:20:02","2018-03-15 04:51:29",95487.0,0.00456683332218, ,1, , , , , , , , , , , ,1, , , 
"2018-03-15 04:51:29","2018-03-15 04:55:11",222.0,1.06175395344E-05,222,1, , , , , , , , , , , ,1, , , 
"2018-03-15 04:55:11","2018-03-16 23:14:30",152359.0,0.00728683651318, ,1, , , , , , , , , , , ,1, , , 
"2018-03-16 23:14:30","2018-03-16 23:14:57",27.0,1.29132237581E-06,213,1, , , , , , , , , , , ,1, , , 
"2018-03-16 23:14:57","2018-03-16 23:18:03",186.0,8.89577636669E-06,213,1, , , , , , , , , , , ,1, ,571, 
"2018-03-16 23:18:03","2018-03-16 23:24:28",385.0,1.84133005439E-05,480,1, , , , , , , , , , , ,1, ,571, 
"2018-03-16 23:24:28","2018-03-16 23:26:03",95.0,4.54354169266E-06,480,1, , , , , , , , , , , ,1, , , 
"2018-03-16 23:26:03","2018-03-17 00:59:30",5607.0,0.000268164613376, ,1, , , , , , , , , , , ,1, , , 
"2018-03-17 00:59:30","2018-03-17 00:59:58",28.0,1.33914913047E-06,1148,1, , , , , , , , , , , ,1, , , 
"2018-03-17 00:59:58","2018-03-17 01:18:38",1120.0,5.35659652188E-05,1148,1, , , , , , , , , , , ,1, ,1148, 
"2018-03-17 01:18:38","2018-03-17 01:19:06",28.0,1.33914913047E-06, ,1, , , , , , , , , , , ,1, ,1148, 
"2018-03-17 01:19:06","2018-03-20 03:52:57",268431.0,0.01283818358, ,1, , , , , , , , , , , ,1, , , 
"2018-03-20 03:52:57","2018-03-20 03:56:58",241.0,1.1526247873E-05, ,1, , , , , , , , , , , ,1, ,241, 
"2018-03-20 03:56:58","2018-03-20 08:27:57",16259.0,0.000777615204011, ,1, , , , , , , , , , , ,1, , , 
"2018-03-20 08:27:57","2018-03-20 08:28:30",33.0,1.57828290377E-06, ,1, , , , , , , , , , , ,1, ,321, 
"2018-03-20 08:28:30","2018-03-20 08:33:18",288.0,1.3774105342E-05,298,1, , , , , , , , , , , ,1, ,321, 
"2018-03-20 08:33:18","2018-03-20 08:33:28",10.0,4.78267546596E-07,298,1, , , , , , , , , , , ,1, , , 
"2018-03-20 08:33:28","2018-03-24 00:59:30",318362.0,0.0152262212669, ,1, , , , , , , , , , , ,1, , , 
"2018-03-24 00:59:30","2018-03-24 00:59:57",27.0,1.29132237581E-06,1163,1, , , , , , , , , , , ,1, , , 
"2018-03-24 00:59:57","2018-03-24 01:18:53",1136.0,5.43311932933E-05,1163,1, , , , , , , , , , , ,1, ,1164, 
"2018-03-24 01:18:53","2018-03-24 01:19:21",28.0,1.33914913047E-06, ,1, , , , , , , , , , , ,1, ,1164, 
"2018-03-24 01:19:21","2018-03-24 15:54:30",52509.0,0.00251133506042, ,1, , , , , , , , , , , ,1, , , 
"2018-03-24 15:54:30","2018-03-28 15:44:31",345001.0,0.0165002781843, ,1, , ,1,1, , , , , , , ,1, , , 
"2018-03-28 15:44:31","2018-03-28 16:03:45",1154.0,5.51920748772E-05, ,1, , ,1,1, , , , , , , ,1, , , 
"2018-03-28 16:03:45","2018-03-28 16:03:46",1.0,4.78267546596E-08, ,1, , ,1,1, , , , , , , ,1, , , 
"2018-03-28 16:03:46","2018-03-29 04:29:33",44747.0,0.00214010379075, ,1, , , , , , , , , , , ,1, , , 
"2018-03-29 04:29:33","2018-03-29 04:29:55",22.0,1.05218860251E-06, ,1, , , , , , , , , , , ,1, ,409, 
"2018-03-29 04:29:55","2018-03-29 04:36:22",387.0,1.85089540533E-05,420,1, , , , , , , , , , , ,1, ,409, 
"2018-03-29 04:36:22","2018-03-29 04:36:55",33.0,1.57828290377E-06,420,1, , , , , , , , , , , ,1, , , 
"2018-03-29 04:36:55","2018-03-31 20:08:04",228669.0,0.0109364961613, ,1, , , , , , , , , , , ,1, , , 
"2018-03-31 20:08:04","2018-03-31 20:11:34",210.0,1.00436184785E-05, ,1, , , , , , , , , ,1, ,1, , ,1
"2018-03-31 20:11:34","2018-03-31 23:59:59",13705.0,0.00065546567261, ,1, , , , , , , , , , , ,1, , , 
"2018-03-31 23:59:59","2018-04-01 00:00:00",1.0,4.78267546596E-08, , , , , , , , , , , , , ,1, , , 
"2018-04-01 00:00:00","2018-04-01 20:22:37",73357.0,0.00350842724156, ,1, , , , , , , , , , , ,1, , , 
"2018-04-01 20:22:37","2018-04-01 20:23:09",32.0,1.53045614911E-06, ,1, , , , , , , , , , , ,1, ,156, 
"2018-04-01 20:23:09","2018-04-01 20:25:13",124.0,5.93051757779E-06,180,1, , , , , , , , , , , ,1, ,156, 
"2018-04-01 20:25:13","2018-04-01 20:26:09",56.0,2.67829826094E-06,180,1, , , , , , , , , , , ,1, , , 
"2018-04-01 20:26:09","2018-04-03 08:07:55",128506.0,0.00614602493429, ,1, , , , , , , , , , , ,1, , , 
"2018-04-03 08:07:55","2018-04-03 08:08:09",14.0,6.69574565234E-07, ,1, , , , , , , , , , , ,1, ,224, 
"2018-04-03 08:08:09","2018-04-03 08:11:39",210.0,1.00436184785E-05,212,1, , , , , , , , , , , ,1, ,224, 
"2018-04-03 08:11:39","2018-04-03 08:11:41",2.0,9.56535093192E-08,212,1, , , , , , , , , , , ,1, , , 
"2018-04-03 08:11:41","2018-04-06 07:04:30",255169.0,0.0122039051597, ,1, , , , , , , , , , , ,1, , , 
"2018-04-06 07:04:30","2018-04-06 07:07:17",167.0,7.98706802815E-06,167,1, , , , , , , , , , , ,1, , , 
"2018-04-06 07:07:17","2018-04-07 00:59:30",64333.0,0.00307683860752, ,1, , , , , , , , , , , ,1, , , 
"2018-04-07 00:59:30","2018-04-07 00:59:58",28.0,1.33914913047E-06,1194,1, , , , , , , , , , , ,1, , , 
"2018-04-07 00:59:58","2018-04-07 01:19:24",1166.0,5.57659959331E-05,1194,1, , , , , , , , , , , ,1, ,1193, 
"2018-04-07 01:19:24","2018-04-07 01:19:51",27.0,1.29132237581E-06, ,1, , , , , , , , , , , ,1, ,1193, 
"2018-04-07 01:19:51","2018-04-08 00:54:41",84890.0,0.00406001320305, ,1, , , , , , , , , , , ,1, , , 
"2018-04-08 00:54:41","2018-04-08 00:54:59",18.0,8.60881583873E-07,361,1, , , , , , , , , , , ,1, , , 
"2018-04-08 00:54:59","2018-04-08 00:59:55",296.0,1.41567193792E-05,361,1, , , , , , , , , , , ,1, ,296, 
"2018-04-08 00:59:55","2018-04-08 01:00:42",47.0,2.247857469E-06,361,1, , , , , , , , , , , ,1, , , 
"2018-04-08 01:00:42","2018-04-08 02:25:23",5081.0,0.000243007740425, ,1, , , , , , , , , , , ,1, , , 
"2018-04-08 02:25:23","2018-04-08 02:25:51",28.0,1.33914913047E-06,240,1, , , , , , , , , , , ,1, , , 
"2018-04-08 02:25:51","2018-04-08 02:29:23",212.0,1.01392719878E-05,240,1, , , , , , , , , , , ,1, ,240, 
"2018-04-08 02:29:23","2018-04-08 02:29:51",28.0,1.33914913047E-06, ,1, , , , , , , , , , , ,1, ,240, 
"2018-04-08 02:29:51","2018-04-12 07:38:52",364141.0,0.0174156822685, ,1, , , , , , , , , , , ,1, , , 
"2018-04-12 07:38:52","2018-04-12 07:39:24",32.0,1.53045614911E-06, ,1, , , , , , , , , , , ,1, ,196, 
"2018-04-12 07:39:24","2018-04-12 07:42:08",164.0,7.84358776418E-06,165,1, , , , , , , , , , , ,1, ,196, 
"2018-04-12 07:42:08","2018-04-12 07:42:09",1.0,4.78267546596E-08,165,1, , , , , , , , , , , ,1, ,163, 
"2018-04-12 07:42:09","2018-04-12 07:44:51",162.0,7.74793425486E-06, ,1, , , , , , , , , , , ,1, ,163, 
"2018-04-12 07:44:51","2018-04-15 23:59:59",317708.0,0.0151949425694, ,1, , , , , , , , , , , ,1, , , 
"2018-04-15 23:59:59","2018-04-30 23:59:59",1296000.0,0.0619834740388, ,1, , , , , , , , , , , , , , , 
